detection_id,tracking_id,camera_id,timestamp,class_object,coord_lims,confidence
944a617b-11e,TRK-985,ENTRCM_SRCL,2023-10-01T12:08:00,Client,,0.88
b51280be-7da,TRK-914,ENTRCM_SRCL,2023-10-01T12:17:00,Client,,0.95
975f2031-de4,TRK-700,ENTRCM_SRCL,2023-10-01T12:27:00,Client,,0.88
2e57e828-7dc,TRK-218,ENTRCM_SRCL,2023-10-01T12:32:00,Stuff,,0.92
bb3ab435-4d6,TRK-528,ENTRCM_SRCL,2023-10-01T12:42:00,Client,,0.83
8aba7520-144,TRK-931,ENTRCM_SRCL,2023-10-01T12:48:00,Client,,0.89
45bab1de-301,TRK-854,ENTRCM_SRCL,2023-10-01T12:54:00,Client,,0.78
650652f9-54b,TRK-892,ENTRCM_SRCL,2023-10-01T13:04:00,Client,,0.95
0385d191-3c0,TRK-532,ENTRCM_SRCL,2023-10-01T13:14:00,Client,,0.89
5c8f558e-cef,TRK-887,ENTRCM_SRCL,2023-10-01T13:24:00,Stuff,,0.99
d014c2ac-4e1,TRK-986,ENTRCM_SRCL,2023-10-01T13:34:00,Client,,0.82
ca4bdfb8-402,TRK-247,ENTRCM_SRCL,2023-10-01T13:40:00,Stuff,,0.88
1c56da0d-56b,TRK-979,ENTRCM_SRCL,2023-10-01T13:45:00,Client,,0.71
fdc144b6-440,TRK-422,ENTRCM_SRCL,2023-10-01T13:55:00,Client,,0.87
1913f653-7d4,TRK-906,ENTRCM_SRCL,2023-10-01T14:01:00,Client,,0.72
15c1d869-b2e,TRK-550,ENTRCM_SRCL,2023-10-01T14:06:00,Client,,0.92
7cfcf385-95d,TRK-114,ENTRCM_SRCL,2023-10-01T14:13:00,Client,,0.81
15260ee7-a48,TRK-484,ENTRCM_SRCL,2023-10-01T14:23:00,Stuff,,0.96
683627f0-cc2,TRK-826,ENTRCM_SRCL,2023-10-01T14:32:00,Stuff,,0.88
f411126e-279,TRK-820,ENTRCM_SRCL,2023-10-01T14:42:00,Client,,0.77
5b77911d-fdd,TRK-511,ENTRCM_SRCL,2023-10-01T14:52:00,Stuff,,0.78
5093e20f-204,TRK-594,ENTRCM_SRCL,2023-10-01T14:58:00,Client,,0.85
aa9f9b56-7c9,TRK-951,ENTRCM_SRCL,2023-10-01T15:04:00,Stuff,,0.77
71313124-00a,TRK-940,ENTRCM_SRCL,2023-10-01T15:14:00,Stuff,,0.75
1d426214-5ef,TRK-693,WMCM_SRCL,2023-10-01T12:07:00,Stuff,"(16.77, 5.16)",0.85
25563145-1d1,TRK-223,WMCM_SRCL,2023-10-01T12:13:00,Client,"(19.66, 11.52)",0.72
5f4e78cc-5b4,TRK-583,WMCM_SRCL,2023-10-01T12:19:00,Client,"(26.69, 4.91)",0.91
15576dff-7a0,TRK-409,WMCM_SRCL,2023-10-01T12:24:00,Stuff,"(20.64, 12.39)",0.92
99c8d551-529,TRK-352,WMCM_SRCL,2023-10-01T12:32:00,Client,"(24.3, 11.42)",0.95
f29f85ba-9e4,TRK-649,WMCM_SRCL,2023-10-01T12:42:00,Stuff,"(23.95, 14.69)",0.81
bc6042ff-9ab,TRK-228,WMCM_SRCL,2023-10-01T12:49:00,Client,"(23.32, 4.64)",0.8
e4ddc25a-91a,TRK-748,WMCM_SRCL,2023-10-01T12:56:00,Client,"(26.06, 8.99)",0.76
83ca996f-ffe,TRK-191,WMCM_SRCL,2023-10-01T13:06:00,Client,"(20.98, 13.53)",0.73
32a00df5-6a9,TRK-443,WMCM_SRCL,2023-10-01T13:15:00,Client,"(21.71, 4.93)",0.81
2f2bbf0b-cdf,TRK-741,WMCM_SRCL,2023-10-01T13:23:00,Client,"(27.31, 5.62)",0.77
f75fd037-176,TRK-135,WMCM_SRCL,2023-10-01T13:32:00,Client,"(20.12, 11.04)",0.71
aa2c0492-308,TRK-195,WMCM_SRCL,2023-10-01T13:42:00,Stuff,"(19.77, 5.74)",0.86
b2775841-ad1,TRK-672,WMCM_SRCL,2023-10-01T13:47:00,Stuff,"(17.62, 12.39)",0.74
0318bbe6-d84,TRK-257,WMCM_SRCL,2023-10-01T13:52:00,Stuff,"(26.51, 7.28)",0.75
e03ea5fd-521,TRK-746,WMCM_SRCL,2023-10-01T14:00:00,Stuff,"(15.24, 8.19)",0.98
78518b4f-486,TRK-134,WMCM_SRCL,2023-10-01T14:06:00,Client,"(25.18, 9.45)",0.85
4127e152-a71,TRK-875,WMCM_SRCL,2023-10-01T14:15:00,Client,"(20.88, 3.09)",0.86
088edf3b-e4a,TRK-933,WMCM_SRCL,2023-10-01T14:21:00,Stuff,"(19.88, 6.63)",0.93
ae2c5b6b-b1b,TRK-181,WMCM_SRCL,2023-10-01T14:30:00,Client,"(24.74, 4.73)",0.82
48213a8b-636,TRK-960,WMCM_SRCL,2023-10-01T14:35:00,Client,"(22.16, 12.29)",0.77
4d19fd44-456,TRK-972,WMCM_SRCL,2023-10-01T14:44:00,Client,"(20.81, 14.9)",0.87
754ac4f5-5e5,TRK-730,WMCM_SRCL,2023-10-01T14:52:00,Client,"(17.82, 12.85)",0.76
b5a75967-779,TRK-488,WMCM_SRCL,2023-10-01T15:01:00,Stuff,"(26.94, 5.32)",0.91
15b6d342-b11,TRK-862,MNCM_SRCL,2023-10-01T12:07:00,Client,"(34.84, 4.98)",0.78
211f6817-e2c,TRK-960,MNCM_SRCL,2023-10-01T12:16:00,Client,"(32.79, 2.61)",0.94
8724d32b-1e4,TRK-825,MNCM_SRCL,2023-10-01T12:25:00,Client,"(38.29, 5.12)",0.76
9a0b071f-d9e,TRK-820,MNCM_SRCL,2023-10-01T12:32:00,Client,"(39.83, 1.34)",0.78
2167b501-d43,TRK-146,MNCM_SRCL,2023-10-01T12:42:00,Client,"(36.88, 1.94)",0.87
2b00d039-880,TRK-733,MNCM_SRCL,2023-10-01T12:51:00,Client,"(28.78, 6.15)",0.81
d29449bc-b64,TRK-413,MNCM_SRCL,2023-10-01T12:58:00,Client,"(31.77, 2.65)",0.87
2d56060a-78f,TRK-581,MNCM_SRCL,2023-10-01T13:08:00,Client,"(39.03, 1.46)",0.77
bc4568cb-fb3,TRK-933,MNCM_SRCL,2023-10-01T13:18:00,Stuff,"(32.11, 7.84)",0.9
cbb602b4-087,TRK-632,MNCM_SRCL,2023-10-01T13:23:00,Client,"(34.41, 0.7)",0.72
456b6a2a-8da,TRK-393,MNCM_SRCL,2023-10-01T13:33:00,Stuff,"(28.88, 4.32)",0.88
e5256881-d02,TRK-756,MNCM_SRCL,2023-10-01T13:38:00,Stuff,"(30.86, 7.12)",0.98
ee568963-e73,TRK-259,MNCM_SRCL,2023-10-01T13:48:00,Client,"(29.16, 1.48)",0.73
03e7165f-c87,TRK-550,MNCM_SRCL,2023-10-01T13:55:00,Client,"(34.52, 6.3)",0.83
c62e96f2-753,TRK-886,MNCM_SRCL,2023-10-01T14:03:00,Client,"(34.39, 4.28)",0.97
05c8d1ba-bbb,TRK-440,MNCM_SRCL,2023-10-01T14:10:00,Client,"(35.74, 5.0)",0.76
590c42ee-4f6,TRK-989,MNCM_SRCL,2023-10-01T14:15:00,Client,"(36.81, 2.24)",0.76
2a38099d-712,TRK-605,MNCM_SRCL,2023-10-01T14:21:00,Client,"(37.58, 5.05)",0.92
aff44a5d-27c,TRK-473,MNCM_SRCL,2023-10-01T14:29:00,Client,"(29.45, 6.93)",0.74
c6d945b9-7a6,TRK-236,MNCM_SRCL,2023-10-01T14:36:00,Client,"(29.9, 4.29)",0.85
491f8795-4be,TRK-276,MNCM_SRCL,2023-10-01T14:42:00,Client,"(36.31, 5.25)",0.98
5b179471-df3,TRK-963,MNCM_SRCL,2023-10-01T14:47:00,Client,"(34.72, 7.89)",0.82
dd97e034-2ed,TRK-178,MNCM_SRCL,2023-10-01T14:56:00,Stuff,"(29.03, 1.63)",0.98
5db33d49-fea,TRK-188,MNCM_SRCL,2023-10-01T15:06:00,Client,"(32.7, 5.84)",0.74
f4d487a2-337,TRK-267,KDCM_SRCL,2023-10-01T12:06:00,Client,"(30.34, 9.07)",0.89
639dde95-e15,TRK-912,KDCM_SRCL,2023-10-01T12:12:00,Client,"(29.38, 8.14)",0.72
4d0d68fd-b61,TRK-897,KDCM_SRCL,2023-10-01T12:19:00,Stuff,"(31.87, 8.57)",0.9
73efcd11-28a,TRK-242,KDCM_SRCL,2023-10-01T12:26:00,Client,"(38.07, 12.72)",0.82
04807fff-4c7,TRK-948,KDCM_SRCL,2023-10-01T12:34:00,Client,"(37.56, 11.31)",0.72
3f0ce2ad-6e9,TRK-154,KDCM_SRCL,2023-10-01T12:40:00,Stuff,"(30.2, 12.87)",0.89
495cd5dd-011,TRK-563,KDCM_SRCL,2023-10-01T12:48:00,Client,"(39.64, 13.7)",0.96
1766618e-3a9,TRK-141,KDCM_SRCL,2023-10-01T12:58:00,Client,"(30.38, 9.74)",0.89
fbcf5679-6a4,TRK-590,KDCM_SRCL,2023-10-01T13:06:00,Client,"(35.12, 12.04)",0.77
c0686d09-957,TRK-791,KDCM_SRCL,2023-10-01T13:13:00,Client,"(30.26, 10.18)",0.85
5acc3e48-145,TRK-224,KDCM_SRCL,2023-10-01T13:19:00,Client,"(33.71, 10.83)",0.85
30600ba1-ec0,TRK-267,KDCM_SRCL,2023-10-01T13:25:00,Client,"(34.18, 13.36)",0.81
af2385cc-a7e,TRK-399,KDCM_SRCL,2023-10-01T13:33:00,Stuff,"(29.84, 8.62)",0.78
7a9764cb-bb7,TRK-510,KDCM_SRCL,2023-10-01T13:39:00,Client,"(33.13, 13.47)",0.72
8734aaa6-109,TRK-226,KDCM_SRCL,2023-10-01T13:49:00,Stuff,"(33.73, 11.12)",0.78
c2d9616e-1b1,TRK-785,KDCM_SRCL,2023-10-01T13:59:00,Stuff,"(30.8, 9.56)",0.98
33c685e0-2c7,TRK-553,KDCM_SRCL,2023-10-01T14:09:00,Stuff,"(36.01, 8.07)",0.99
467d0420-f8c,TRK-325,KDCM_SRCL,2023-10-01T14:19:00,Client,"(33.9, 11.67)",0.75
ecc79b04-6bf,TRK-549,KDCM_SRCL,2023-10-01T14:26:00,Stuff,"(29.14, 9.91)",0.84
a64fed97-731,TRK-433,KDCM_SRCL,2023-10-01T14:35:00,Stuff,"(31.71, 9.01)",0.83
51d39d1e-8f0,TRK-425,KDCM_SRCL,2023-10-01T14:41:00,Stuff,"(30.38, 11.6)",0.88
f14fd612-204,TRK-951,KDCM_SRCL,2023-10-01T14:46:00,Client,"(29.15, 13.84)",0.86
a4c3a2d8-bb4,TRK-403,KDCM_SRCL,2023-10-01T14:56:00,Stuff,"(39.11, 12.65)",0.79
918de80b-b49,TRK-473,KDCM_SRCL,2023-10-01T15:04:00,Client,"(35.24, 9.53)",0.85
bfff23a6-422,TRK-801,COCM_SRCL,2023-10-01T12:10:00,Client,"(18.66, 1.27)",0.94
94bc4e54-01f,TRK-967,COCM_SRCL,2023-10-01T12:19:00,Client,"(19.81, 0.75)",0.72
a9ff4f8f-813,TRK-760,COCM_SRCL,2023-10-01T12:26:00,Stuff,"(18.1, 1.69)",0.85
0e096985-423,TRK-625,COCM_SRCL,2023-10-01T12:31:00,Client,"(20.36, 1.8)",0.87
1fba0858-db0,TRK-132,COCM_SRCL,2023-10-01T12:36:00,Stuff,"(17.3, 1.84)",0.76
4ea334d7-469,TRK-309,COCM_SRCL,2023-10-01T12:43:00,Client,"(17.51, 1.51)",0.92
a43edd00-0f7,TRK-650,COCM_SRCL,2023-10-01T12:50:00,Client,"(16.91, 1.01)",0.88
36e5a411-ba9,TRK-344,COCM_SRCL,2023-10-01T12:58:00,Client,"(19.96, 0.06)",0.72
197e9a1c-d4d,TRK-614,COCM_SRCL,2023-10-01T13:06:00,Client,"(21.9, 0.5)",0.75
fa15529c-0a2,TRK-638,COCM_SRCL,2023-10-01T13:15:00,Client,"(17.94, 2.88)",0.71
72cd8eeb-00c,TRK-643,COCM_SRCL,2023-10-01T13:23:00,Client,"(15.34, 1.66)",0.8
aae2be64-3c5,TRK-749,COCM_SRCL,2023-10-01T13:29:00,Stuff,"(19.38, 0.64)",0.94
9d77e694-480,TRK-370,COCM_SRCL,2023-10-01T13:38:00,Stuff,"(18.56, 2.29)",0.84
c2a8d133-e00,TRK-646,COCM_SRCL,2023-10-01T13:43:00,Stuff,"(19.15, 0.48)",0.91
fa8da372-65b,TRK-116,COCM_SRCL,2023-10-01T13:52:00,Client,"(19.71, 2.59)",0.97
c21c3376-800,TRK-783,COCM_SRCL,2023-10-01T14:02:00,Client,"(16.94, 0.24)",0.8
27a0a02a-cff,TRK-187,COCM_SRCL,2023-10-01T14:12:00,Stuff,"(21.77, 1.42)",0.85
c60c6360-bb6,TRK-380,COCM_SRCL,2023-10-01T14:20:00,Client,"(17.95, 0.81)",0.98
9892562f-e13,TRK-589,COCM_SRCL,2023-10-01T14:28:00,Client,"(21.02, 1.38)",0.85
28e2deff-83b,TRK-686,COCM_SRCL,2023-10-01T14:38:00,Client,"(16.4, 0.56)",0.87
dce1eeb4-df0,TRK-977,COCM_SRCL,2023-10-01T14:46:00,Stuff,"(15.12, 2.52)",0.92
9add669b-184,TRK-764,COCM_SRCL,2023-10-01T14:52:00,Client,"(16.99, 1.43)",0.73
fde3fb1c-832,TRK-797,COCM_SRCL,2023-10-01T14:57:00,Stuff,"(16.47, 0.16)",0.7
fa37eabd-209,TRK-910,COCM_SRCL,2023-10-01T15:04:00,Client,"(21.8, 0.13)",0.86
a8c09930-645,TRK-444,FRCM_SRCL,2023-10-01T12:10:00,Client,"(11.6, 6.89)",0.77
85d76889-fb5,TRK-129,FRCM_SRCL,2023-10-01T12:17:00,Client,"(11.51, 7.08)",0.8
e7def6b6-62f,TRK-268,FRCM_SRCL,2023-10-01T12:27:00,Client,"(14.11, 8.95)",0.86
18882d0a-ba0,TRK-518,FRCM_SRCL,2023-10-01T12:37:00,Client,"(9.63, 9.32)",0.7
cd155f99-756,TRK-978,FRCM_SRCL,2023-10-01T12:47:00,Stuff,"(12.46, 9.72)",0.71
ac5cc762-382,TRK-743,FRCM_SRCL,2023-10-01T12:53:00,Stuff,"(14.89, 9.22)",0.84
ee17c8c7-d53,TRK-210,FRCM_SRCL,2023-10-01T13:02:00,Stuff,"(11.12, 8.95)",0.78
1b412ab3-32d,TRK-378,FRCM_SRCL,2023-10-01T13:12:00,Client,"(8.43, 8.12)",0.8
01ecd895-80b,TRK-148,FRCM_SRCL,2023-10-01T13:18:00,Client,"(11.15, 5.92)",0.87
1ace7e95-a1e,TRK-626,FRCM_SRCL,2023-10-01T13:28:00,Client,"(7.45, 9.21)",0.84
61760429-e79,TRK-368,FRCM_SRCL,2023-10-01T13:34:00,Client,"(9.82, 6.7)",0.8
f168dbb5-cbb,TRK-700,FRCM_SRCL,2023-10-01T13:39:00,Client,"(13.19, 5.72)",0.83
84bb748a-591,TRK-153,FRCM_SRCL,2023-10-01T13:45:00,Client,"(12.83, 7.89)",0.86
95bc188a-1f1,TRK-187,FRCM_SRCL,2023-10-01T13:53:00,Stuff,"(10.97, 8.22)",0.76
01a7ae8e-be7,TRK-123,FRCM_SRCL,2023-10-01T13:58:00,Stuff,"(9.72, 7.38)",0.94
a3dc645f-c9b,TRK-785,FRCM_SRCL,2023-10-01T14:04:00,Client,"(13.54, 8.84)",0.86
adfe5c78-c06,TRK-464,FRCM_SRCL,2023-10-01T14:10:00,Client,"(8.31, 7.41)",0.91
7d14fa31-e52,TRK-459,FRCM_SRCL,2023-10-01T14:16:00,Client,"(13.66, 6.99)",0.87
0cb30443-ed4,TRK-649,FRCM_SRCL,2023-10-01T14:23:00,Stuff,"(9.33, 6.52)",0.78
0afb7fdd-a5f,TRK-638,FRCM_SRCL,2023-10-01T14:28:00,Client,"(10.57, 6.12)",0.8
573ccdd1-7ee,TRK-798,FRCM_SRCL,2023-10-01T14:38:00,Client,"(12.29, 8.12)",0.75
485c8140-67d,TRK-515,FRCM_SRCL,2023-10-01T14:44:00,Client,"(14.35, 6.65)",0.76
318a7ecc-67f,TRK-158,FRCM_SRCL,2023-10-01T14:50:00,Client,"(13.98, 7.0)",0.71
5a082b9c-9da,TRK-599,FRCM_SRCL,2023-10-01T14:58:00,Stuff,"(11.21, 6.57)",0.97
bf17026a-e10,TRK-663,ENTRCM_SRGV,2023-10-01T12:05:00,Stuff,,0.92
c6d34138-ec4,TRK-683,ENTRCM_SRGV,2023-10-01T12:11:00,Client,,0.98
99856ea3-467,TRK-327,ENTRCM_SRGV,2023-10-01T12:16:00,Client,,0.97
323a92a6-4fe,TRK-735,ENTRCM_SRGV,2023-10-01T12:26:00,Client,,0.9
80c06f8b-dbe,TRK-687,ENTRCM_SRGV,2023-10-01T12:35:00,Client,,0.98
ce8b10d6-fb8,TRK-285,ENTRCM_SRGV,2023-10-01T12:41:00,Client,,0.72
a9edf940-8ec,TRK-825,ENTRCM_SRGV,2023-10-01T12:49:00,Stuff,,0.9
a93f1560-269,TRK-207,ENTRCM_SRGV,2023-10-01T12:54:00,Client,,0.73
7cb53a16-44c,TRK-574,ENTRCM_SRGV,2023-10-01T13:02:00,Stuff,,0.77
aac3e062-de6,TRK-771,ENTRCM_SRGV,2023-10-01T13:10:00,Client,,0.87
b320001e-b02,TRK-974,ENTRCM_SRGV,2023-10-01T13:18:00,Client,,0.89
e9e82d20-9c5,TRK-365,ENTRCM_SRGV,2023-10-01T13:24:00,Client,,0.72
51ef48ea-828,TRK-589,ENTRCM_SRGV,2023-10-01T13:32:00,Client,,0.77
eaa0e33b-c42,TRK-391,ENTRCM_SRGV,2023-10-01T13:40:00,Stuff,,0.71
023dbb98-45d,TRK-158,ENTRCM_SRGV,2023-10-01T13:48:00,Client,,0.71
5545e629-46b,TRK-104,ENTRCM_SRGV,2023-10-01T13:56:00,Stuff,,0.75
e1221e83-11e,TRK-429,ENTRCM_SRGV,2023-10-01T14:04:00,Client,,0.92
e184c222-429,TRK-330,ENTRCM_SRGV,2023-10-01T14:13:00,Stuff,,0.73
7d2f02a9-037,TRK-849,ENTRCM_SRGV,2023-10-01T14:20:00,Stuff,,0.89
5f40f3ab-b25,TRK-306,ENTRCM_SRGV,2023-10-01T14:28:00,Client,,0.85
6a43d688-dfb,TRK-885,ENTRCM_SRGV,2023-10-01T14:38:00,Client,,0.82
134833be-a32,TRK-397,ENTRCM_SRGV,2023-10-01T14:46:00,Client,,0.77
5790ccaf-091,TRK-995,ENTRCM_SRGV,2023-10-01T14:51:00,Client,,0.78
46ee3b16-de4,TRK-699,ENTRCM_SRGV,2023-10-01T14:58:00,Stuff,,0.97
9569cc2d-b22,TRK-834,WMCM_SRGV,2023-10-01T12:09:00,Client,"(21.24, 13.94)",0.78
5dcd0da2-e7c,TRK-533,WMCM_SRGV,2023-10-01T12:18:00,Client,"(23.18, 5.06)",0.99
3915b44b-361,TRK-814,WMCM_SRGV,2023-10-01T12:27:00,Stuff,"(26.38, 14.34)",0.93
e50fc010-dc7,TRK-750,WMCM_SRGV,2023-10-01T12:33:00,Client,"(22.37, 9.93)",0.83
d55b6405-9fc,TRK-796,WMCM_SRGV,2023-10-01T12:41:00,Client,"(26.37, 11.04)",0.89
8240f268-c06,TRK-684,WMCM_SRGV,2023-10-01T12:47:00,Client,"(17.35, 14.53)",0.92
892a78ee-11d,TRK-153,WMCM_SRGV,2023-10-01T12:55:00,Client,"(26.11, 4.91)",0.74
368f0a82-852,TRK-509,WMCM_SRGV,2023-10-01T13:00:00,Client,"(22.97, 7.92)",0.73
27992bde-79f,TRK-235,WMCM_SRGV,2023-10-01T13:09:00,Client,"(18.21, 6.91)",0.86
545d1785-7fa,TRK-848,WMCM_SRGV,2023-10-01T13:19:00,Client,"(23.8, 13.32)",0.86
96852375-d90,TRK-944,WMCM_SRGV,2023-10-01T13:25:00,Stuff,"(25.96, 6.52)",0.87
82e2e3c6-751,TRK-995,WMCM_SRGV,2023-10-01T13:33:00,Stuff,"(17.63, 14.13)",0.83
7573f8d2-539,TRK-489,WMCM_SRGV,2023-10-01T13:42:00,Client,"(21.15, 11.36)",0.98
c9a24d38-1a5,TRK-203,WMCM_SRGV,2023-10-01T13:51:00,Stuff,"(23.12, 7.96)",0.84
812d7583-6fd,TRK-697,WMCM_SRGV,2023-10-01T13:57:00,Client,"(23.04, 11.3)",0.81
2b4e2244-7cf,TRK-859,WMCM_SRGV,2023-10-01T14:07:00,Stuff,"(21.98, 14.53)",0.73
04f247fb-49f,TRK-493,WMCM_SRGV,2023-10-01T14:15:00,Client,"(20.53, 8.52)",0.78
a8c8b100-0d9,TRK-569,WMCM_SRGV,2023-10-01T14:23:00,Client,"(27.74, 11.74)",0.83
924bd0a3-369,TRK-945,WMCM_SRGV,2023-10-01T14:31:00,Client,"(17.4, 13.88)",0.71
620e86f7-41f,TRK-377,WMCM_SRGV,2023-10-01T14:41:00,Client,"(15.99, 4.64)",0.9
9e4089c8-1c0,TRK-343,WMCM_SRGV,2023-10-01T14:48:00,Client,"(20.78, 7.26)",0.85
37244ed1-ba5,TRK-537,WMCM_SRGV,2023-10-01T14:58:00,Stuff,"(20.06, 6.47)",0.84
b5d4a624-9f1,TRK-184,WMCM_SRGV,2023-10-01T15:03:00,Client,"(16.02, 4.95)",0.9
cf207f92-de6,TRK-766,WMCM_SRGV,2023-10-01T15:08:00,Client,"(16.44, 9.18)",0.73
dd4f5379-5e2,TRK-910,MNCM_SRGV,2023-10-01T12:10:00,Client,"(38.69, 2.6)",0.99
68ce04d6-238,TRK-777,MNCM_SRGV,2023-10-01T12:19:00,Client,"(36.87, 4.07)",0.74
77929492-c66,TRK-272,MNCM_SRGV,2023-10-01T12:26:00,Client,"(36.69, 7.68)",0.74
6b45faab-b1d,TRK-632,MNCM_SRGV,2023-10-01T12:32:00,Stuff,"(30.1, 3.75)",0.78
1ea5a552-ebe,TRK-586,MNCM_SRGV,2023-10-01T12:40:00,Client,"(39.15, 2.94)",0.89
ce088668-1a2,TRK-441,MNCM_SRGV,2023-10-01T12:48:00,Stuff,"(32.59, 4.45)",0.93
ace0f051-cef,TRK-296,MNCM_SRGV,2023-10-01T12:55:00,Client,"(34.46, 3.16)",0.95
acf9e7b7-643,TRK-868,MNCM_SRGV,2023-10-01T13:00:00,Stuff,"(39.71, 4.49)",0.75
b41f5da8-4a1,TRK-179,MNCM_SRGV,2023-10-01T13:10:00,Stuff,"(34.28, 2.8)",0.88
076f8b58-513,TRK-994,MNCM_SRGV,2023-10-01T13:15:00,Client,"(34.2, 7.22)",0.76
11a515d1-445,TRK-746,MNCM_SRGV,2023-10-01T13:24:00,Client,"(32.85, 3.55)",0.86
eb99dc45-2ab,TRK-467,MNCM_SRGV,2023-10-01T13:32:00,Client,"(33.59, 6.23)",0.74
68321646-ab0,TRK-445,MNCM_SRGV,2023-10-01T13:42:00,Stuff,"(34.0, 7.98)",0.73
105dc692-789,TRK-233,MNCM_SRGV,2023-10-01T13:48:00,Client,"(38.28, 4.71)",0.77
7155b04c-7f3,TRK-445,MNCM_SRGV,2023-10-01T13:57:00,Client,"(38.6, 1.76)",0.92
c518bf15-aec,TRK-656,MNCM_SRGV,2023-10-01T14:07:00,Client,"(38.07, 4.13)",0.72
7941fdaa-3da,TRK-749,MNCM_SRGV,2023-10-01T14:12:00,Client,"(30.57, 5.57)",0.88
02714c0b-b7f,TRK-815,MNCM_SRGV,2023-10-01T14:19:00,Client,"(29.17, 6.01)",0.88
7bd70d02-c9f,TRK-862,MNCM_SRGV,2023-10-01T14:25:00,Client,"(28.22, 0.05)",0.76
e20f60dd-de0,TRK-339,MNCM_SRGV,2023-10-01T14:35:00,Stuff,"(28.33, 6.5)",0.77
3ac2ab1b-41d,TRK-327,MNCM_SRGV,2023-10-01T14:44:00,Client,"(31.96, 5.02)",0.79
cc7ef83f-c92,TRK-832,MNCM_SRGV,2023-10-01T14:51:00,Client,"(39.48, 7.31)",0.78
0998ab6e-7e2,TRK-734,MNCM_SRGV,2023-10-01T15:01:00,Client,"(36.59, 0.51)",0.88
abc7bc8a-a9a,TRK-483,MNCM_SRGV,2023-10-01T15:08:00,Client,"(31.38, 5.31)",0.77
4236f43c-817,TRK-465,KDCM_SRGV,2023-10-01T12:05:00,Client,"(31.32, 12.52)",0.96
3ad09919-1f2,TRK-161,KDCM_SRGV,2023-10-01T12:14:00,Client,"(38.95, 11.93)",0.8
dd6181f8-780,TRK-451,KDCM_SRGV,2023-10-01T12:22:00,Stuff,"(33.25, 9.8)",0.89
6b7dc77c-260,TRK-230,KDCM_SRGV,2023-10-01T12:32:00,Stuff,"(38.02, 11.45)",0.98
b93cee37-c4d,TRK-264,KDCM_SRGV,2023-10-01T12:39:00,Stuff,"(40.0, 10.98)",0.97
7d64a452-d95,TRK-139,KDCM_SRGV,2023-10-01T12:45:00,Client,"(33.23, 8.8)",0.78
51aea06b-202,TRK-278,KDCM_SRGV,2023-10-01T12:51:00,Client,"(31.69, 8.98)",0.86
a97e39b5-a27,TRK-845,KDCM_SRGV,2023-10-01T12:56:00,Client,"(39.6, 10.93)",0.81
0207c7d7-57e,TRK-609,KDCM_SRGV,2023-10-01T13:02:00,Client,"(39.42, 11.96)",0.97
ee51b820-532,TRK-218,KDCM_SRGV,2023-10-01T13:08:00,Client,"(31.41, 12.48)",0.95
b7db19f0-c6f,TRK-233,KDCM_SRGV,2023-10-01T13:13:00,Client,"(33.39, 14.04)",0.88
03d8cd90-f22,TRK-619,KDCM_SRGV,2023-10-01T13:21:00,Client,"(29.33, 13.35)",0.98
f44f62dd-11c,TRK-503,KDCM_SRGV,2023-10-01T13:27:00,Stuff,"(31.89, 10.75)",0.95
a764e674-a80,TRK-302,KDCM_SRGV,2023-10-01T13:36:00,Client,"(28.69, 10.15)",0.72
f482afda-7f1,TRK-254,KDCM_SRGV,2023-10-01T13:42:00,Client,"(37.06, 10.79)",0.79
4e729555-ce0,TRK-449,KDCM_SRGV,2023-10-01T13:48:00,Client,"(35.73, 12.99)",0.88
db5fd0d3-643,TRK-587,KDCM_SRGV,2023-10-01T13:53:00,Stuff,"(35.63, 13.36)",0.84
e16e5fe8-8ac,TRK-842,KDCM_SRGV,2023-10-01T14:02:00,Client,"(36.9, 14.88)",0.75
29e5f2cf-9e1,TRK-703,KDCM_SRGV,2023-10-01T14:07:00,Client,"(36.27, 12.52)",0.95
fc8efa55-dff,TRK-211,KDCM_SRGV,2023-10-01T14:15:00,Client,"(33.77, 13.62)",0.92
67c4bf0d-b58,TRK-875,KDCM_SRGV,2023-10-01T14:24:00,Stuff,"(29.41, 14.64)",0.82
d19a6966-015,TRK-533,KDCM_SRGV,2023-10-01T14:34:00,Stuff,"(28.26, 14.49)",0.96
90831abd-1bf,TRK-925,KDCM_SRGV,2023-10-01T14:44:00,Client,"(30.51, 12.18)",0.88
33734300-103,TRK-644,KDCM_SRGV,2023-10-01T14:52:00,Client,"(34.65, 14.08)",0.99
43c6c5fc-459,TRK-672,COCM_SRGV,2023-10-01T12:08:00,Stuff,"(15.69, 1.36)",0.96
9dbfa8f9-fc2,TRK-767,COCM_SRGV,2023-10-01T12:15:00,Client,"(16.35, 1.59)",0.85
3962b049-4ac,TRK-597,COCM_SRGV,2023-10-01T12:21:00,Client,"(17.38, 0.01)",0.95
818eba1d-d8f,TRK-578,COCM_SRGV,2023-10-01T12:27:00,Stuff,"(21.97, 2.38)",0.86
ab77b327-c20,TRK-768,COCM_SRGV,2023-10-01T12:34:00,Client,"(16.22, 1.12)",0.96
330ac455-430,TRK-930,COCM_SRGV,2023-10-01T12:40:00,Client,"(21.84, 2.12)",0.96
d5716b39-707,TRK-596,COCM_SRGV,2023-10-01T12:50:00,Client,"(15.84, 2.93)",0.98
06336104-4f0,TRK-628,COCM_SRGV,2023-10-01T12:59:00,Client,"(18.88, 0.28)",0.95
899b542d-d26,TRK-845,COCM_SRGV,2023-10-01T13:08:00,Stuff,"(15.68, 0.64)",0.97
4415d494-e0c,TRK-753,COCM_SRGV,2023-10-01T13:16:00,Client,"(17.56, 2.1)",0.79
cc12dc4e-c5f,TRK-307,COCM_SRGV,2023-10-01T13:22:00,Stuff,"(17.82, 2.63)",0.91
5f7d33ed-31c,TRK-503,COCM_SRGV,2023-10-01T13:27:00,Stuff,"(17.96, 0.54)",0.83
a63146a7-1e0,TRK-580,COCM_SRGV,2023-10-01T13:36:00,Client,"(21.0, 2.89)",0.87
073aa32d-94c,TRK-948,COCM_SRGV,2023-10-01T13:41:00,Client,"(21.22, 0.36)",0.7
ff1b9bab-5bf,TRK-786,COCM_SRGV,2023-10-01T13:46:00,Client,"(19.48, 0.75)",0.98
ef469d13-162,TRK-328,COCM_SRGV,2023-10-01T13:54:00,Stuff,"(16.25, 2.58)",0.91
cb7e9f05-264,TRK-860,COCM_SRGV,2023-10-01T13:59:00,Stuff,"(20.11, 1.37)",0.78
aa3eac6c-199,TRK-148,COCM_SRGV,2023-10-01T14:08:00,Stuff,"(16.6, 2.18)",0.71
c629f761-73c,TRK-466,COCM_SRGV,2023-10-01T14:14:00,Client,"(16.1, 2.33)",0.95
5c38a7ba-31e,TRK-114,COCM_SRGV,2023-10-01T14:22:00,Client,"(16.77, 2.82)",0.87
bfc1d5b0-1dc,TRK-852,COCM_SRGV,2023-10-01T14:32:00,Client,"(20.81, 2.34)",0.84
e989194b-fac,TRK-331,COCM_SRGV,2023-10-01T14:40:00,Client,"(17.69, 1.18)",0.92
c0c8d57d-863,TRK-741,COCM_SRGV,2023-10-01T14:48:00,Client,"(15.49, 2.63)",0.73
831b1f4f-0ca,TRK-829,COCM_SRGV,2023-10-01T14:56:00,Stuff,"(16.73, 1.37)",0.82
56cfe740-1e1,TRK-582,FRCM_SRGV,2023-10-01T12:10:00,Stuff,"(8.16, 6.29)",0.85
ca6e0dab-cb5,TRK-630,FRCM_SRGV,2023-10-01T12:18:00,Stuff,"(10.27, 6.15)",0.93
06a7a444-056,TRK-629,FRCM_SRGV,2023-10-01T12:27:00,Stuff,"(7.84, 8.96)",0.91
9edc428c-2d8,TRK-712,FRCM_SRGV,2023-10-01T12:32:00,Client,"(7.31, 5.52)",0.9
0fcc63c4-7f6,TRK-766,FRCM_SRGV,2023-10-01T12:38:00,Stuff,"(9.01, 8.04)",0.98
3fccf6a0-294,TRK-752,FRCM_SRGV,2023-10-01T12:43:00,Client,"(13.88, 8.07)",0.92
ba22c084-d48,TRK-241,FRCM_SRGV,2023-10-01T12:51:00,Stuff,"(14.08, 9.59)",0.71
d2209b7b-9f0,TRK-501,FRCM_SRGV,2023-10-01T12:56:00,Client,"(13.7, 6.58)",0.76
877a76e1-826,TRK-353,FRCM_SRGV,2023-10-01T13:04:00,Client,"(12.2, 8.74)",0.93
f908155c-c8a,TRK-179,FRCM_SRGV,2023-10-01T13:11:00,Client,"(14.83, 8.98)",0.86
6e8d06a5-033,TRK-500,FRCM_SRGV,2023-10-01T13:19:00,Client,"(7.35, 6.11)",0.94
65ee6d8d-57d,TRK-154,FRCM_SRGV,2023-10-01T13:24:00,Client,"(8.51, 8.75)",0.76
d00ace35-3ec,TRK-136,FRCM_SRGV,2023-10-01T13:32:00,Client,"(13.82, 6.96)",0.86
44f1ce34-644,TRK-227,FRCM_SRGV,2023-10-01T13:40:00,Client,"(7.81, 5.48)",0.81
dd3c228e-311,TRK-984,FRCM_SRGV,2023-10-01T13:48:00,Client,"(12.38, 7.67)",0.86
747ad76c-12a,TRK-949,FRCM_SRGV,2023-10-01T13:55:00,Client,"(11.07, 5.24)",0.81
0e5f108c-60a,TRK-632,FRCM_SRGV,2023-10-01T14:00:00,Client,"(12.84, 8.17)",0.95
1110af7a-2fd,TRK-289,FRCM_SRGV,2023-10-01T14:09:00,Client,"(13.93, 7.17)",0.76
7c65566b-adf,TRK-346,FRCM_SRGV,2023-10-01T14:15:00,Client,"(7.11, 9.11)",0.86
0ebd8d52-b5f,TRK-842,FRCM_SRGV,2023-10-01T14:22:00,Client,"(10.32, 5.2)",0.95
9e1e8416-b28,TRK-635,FRCM_SRGV,2023-10-01T14:32:00,Client,"(8.85, 5.48)",0.86
40e4f9d3-8bf,TRK-774,FRCM_SRGV,2023-10-01T14:42:00,Client,"(10.42, 5.93)",0.93
5cb5502a-f6b,TRK-169,FRCM_SRGV,2023-10-01T14:49:00,Stuff,"(14.4, 9.89)",0.7
7ab17088-586,TRK-727,FRCM_SRGV,2023-10-01T14:55:00,Client,"(12.72, 6.47)",0.9
fe00901f-e1e,TRK-348,ENTRCM_SRAQ,2023-10-01T12:07:00,Client,,0.89
1a3a9869-946,TRK-132,ENTRCM_SRAQ,2023-10-01T12:14:00,Client,,0.75
733463d1-25d,TRK-449,ENTRCM_SRAQ,2023-10-01T12:23:00,Client,,0.91
2f03f7c3-21b,TRK-401,ENTRCM_SRAQ,2023-10-01T12:32:00,Stuff,,0.83
e6a17f72-df1,TRK-808,ENTRCM_SRAQ,2023-10-01T12:37:00,Stuff,,0.9
8a566fff-b36,TRK-526,ENTRCM_SRAQ,2023-10-01T12:44:00,Stuff,,0.82
4167932f-32c,TRK-931,ENTRCM_SRAQ,2023-10-01T12:54:00,Stuff,,0.73
658c7cd9-077,TRK-441,ENTRCM_SRAQ,2023-10-01T13:04:00,Client,,0.96
6cf7cd16-ca2,TRK-515,ENTRCM_SRAQ,2023-10-01T13:10:00,Stuff,,0.8
5d32db9f-06f,TRK-317,ENTRCM_SRAQ,2023-10-01T13:17:00,Client,,0.77
6be37bfb-6da,TRK-903,ENTRCM_SRAQ,2023-10-01T13:24:00,Client,,0.93
d734b9e0-393,TRK-266,ENTRCM_SRAQ,2023-10-01T13:29:00,Stuff,,0.93
9212bb0e-e1e,TRK-618,ENTRCM_SRAQ,2023-10-01T13:36:00,Client,,0.94
7515a23e-c01,TRK-994,ENTRCM_SRAQ,2023-10-01T13:44:00,Stuff,,0.83
87f46842-b25,TRK-919,ENTRCM_SRAQ,2023-10-01T13:49:00,Stuff,,0.95
46bb808e-335,TRK-636,ENTRCM_SRAQ,2023-10-01T13:54:00,Stuff,,0.74
3f929dbc-6e8,TRK-931,ENTRCM_SRAQ,2023-10-01T14:04:00,Stuff,,0.82
c4a078ea-443,TRK-477,ENTRCM_SRAQ,2023-10-01T14:09:00,Client,,0.81
877a8816-ac1,TRK-581,ENTRCM_SRAQ,2023-10-01T14:16:00,Stuff,,0.95
54e93896-d88,TRK-331,ENTRCM_SRAQ,2023-10-01T14:21:00,Client,,0.8
9d250a43-a9d,TRK-996,ENTRCM_SRAQ,2023-10-01T14:26:00,Client,,0.76
38e95347-38e,TRK-730,ENTRCM_SRAQ,2023-10-01T14:35:00,Stuff,,0.92
8eb353ae-b66,TRK-855,ENTRCM_SRAQ,2023-10-01T14:43:00,Client,,0.77
4897e8ef-554,TRK-245,ENTRCM_SRAQ,2023-10-01T14:48:00,Stuff,,0.72
32d90564-ff3,TRK-559,WMCM_SRAQ,2023-10-01T12:08:00,Stuff,"(25.58, 12.94)",0.74
c6ac2bec-23f,TRK-250,WMCM_SRAQ,2023-10-01T12:14:00,Client,"(21.63, 12.65)",0.76
993cd387-aae,TRK-846,WMCM_SRAQ,2023-10-01T12:23:00,Client,"(21.58, 8.15)",0.89
d6ce2555-ccd,TRK-626,WMCM_SRAQ,2023-10-01T12:28:00,Client,"(24.34, 7.05)",0.96
bcb5f511-324,TRK-824,WMCM_SRAQ,2023-10-01T12:38:00,Client,"(17.21, 8.92)",0.8
0609e1ac-2e8,TRK-552,WMCM_SRAQ,2023-10-01T12:46:00,Client,"(25.56, 13.42)",0.77
036139cc-f45,TRK-375,WMCM_SRAQ,2023-10-01T12:53:00,Client,"(18.75, 9.19)",0.87
4ddcce70-28d,TRK-256,WMCM_SRAQ,2023-10-01T12:59:00,Stuff,"(21.34, 14.64)",0.91
a8347bea-f56,TRK-866,WMCM_SRAQ,2023-10-01T13:07:00,Client,"(22.21, 4.67)",0.79
5345aeaf-1b2,TRK-967,WMCM_SRAQ,2023-10-01T13:13:00,Client,"(27.95, 6.81)",0.97
dd6f41cf-abc,TRK-135,WMCM_SRAQ,2023-10-01T13:23:00,Client,"(24.52, 13.67)",0.73
231917f3-4af,TRK-214,WMCM_SRAQ,2023-10-01T13:28:00,Stuff,"(22.27, 11.68)",0.97
a04cfab2-7ca,TRK-972,WMCM_SRAQ,2023-10-01T13:33:00,Client,"(18.34, 9.85)",0.93
93c26e3d-e5d,TRK-741,WMCM_SRAQ,2023-10-01T13:42:00,Stuff,"(26.86, 8.26)",0.7
0aed7397-195,TRK-981,WMCM_SRAQ,2023-10-01T13:49:00,Client,"(18.34, 7.21)",0.8
dbe4bcc7-b60,TRK-506,WMCM_SRAQ,2023-10-01T13:56:00,Client,"(17.77, 12.84)",0.7
f95799c0-340,TRK-743,WMCM_SRAQ,2023-10-01T14:04:00,Client,"(25.51, 10.09)",0.72
466f6ee5-a3b,TRK-530,WMCM_SRAQ,2023-10-01T14:14:00,Client,"(16.32, 6.04)",0.78
e540b15f-ee5,TRK-133,WMCM_SRAQ,2023-10-01T14:22:00,Stuff,"(22.04, 11.26)",0.92
c39eef8c-918,TRK-403,WMCM_SRAQ,2023-10-01T14:30:00,Client,"(15.9, 13.11)",0.78
92519633-b5e,TRK-598,WMCM_SRAQ,2023-10-01T14:36:00,Client,"(15.2, 11.0)",0.88
29d90132-bfc,TRK-830,WMCM_SRAQ,2023-10-01T14:43:00,Client,"(22.07, 13.16)",0.71
52c8b0b5-19c,TRK-150,WMCM_SRAQ,2023-10-01T14:53:00,Client,"(24.79, 8.35)",0.92
55cf2f4f-a0c,TRK-367,WMCM_SRAQ,2023-10-01T15:01:00,Client,"(23.55, 12.0)",0.95
2d8aa0a2-b15,TRK-473,MNCM_SRAQ,2023-10-01T12:08:00,Client,"(36.55, 3.11)",0.77
ab690b15-c5b,TRK-542,MNCM_SRAQ,2023-10-01T12:15:00,Stuff,"(29.96, 7.33)",0.81
0263d1f9-93d,TRK-425,MNCM_SRAQ,2023-10-01T12:24:00,Stuff,"(28.95, 7.87)",0.86
0184ae08-b13,TRK-815,MNCM_SRAQ,2023-10-01T12:31:00,Stuff,"(31.52, 6.44)",0.94
77df785d-f85,TRK-945,MNCM_SRAQ,2023-10-01T12:40:00,Stuff,"(35.86, 5.49)",0.95
539463e8-cf3,TRK-475,MNCM_SRAQ,2023-10-01T12:46:00,Client,"(35.1, 0.88)",0.93
6ec50c75-494,TRK-982,MNCM_SRAQ,2023-10-01T12:52:00,Client,"(34.19, 6.89)",0.79
c7ed8770-b48,TRK-303,MNCM_SRAQ,2023-10-01T13:01:00,Client,"(39.69, 0.09)",0.96
8edc3ddf-8a5,TRK-365,MNCM_SRAQ,2023-10-01T13:09:00,Stuff,"(37.62, 4.78)",0.91
82353978-416,TRK-251,MNCM_SRAQ,2023-10-01T13:18:00,Stuff,"(39.93, 5.53)",0.91
210d30a7-4f4,TRK-120,MNCM_SRAQ,2023-10-01T13:28:00,Stuff,"(35.57, 4.88)",0.75
95911903-ed0,TRK-298,MNCM_SRAQ,2023-10-01T13:36:00,Client,"(34.42, 7.58)",0.75
f76ff3eb-19c,TRK-459,MNCM_SRAQ,2023-10-01T13:45:00,Stuff,"(30.35, 3.33)",0.97
40628fb5-5de,TRK-537,MNCM_SRAQ,2023-10-01T13:50:00,Client,"(36.97, 2.65)",0.98
68d2546d-afe,TRK-589,MNCM_SRAQ,2023-10-01T14:00:00,Stuff,"(31.1, 6.11)",0.91
adc409dc-319,TRK-656,MNCM_SRAQ,2023-10-01T14:10:00,Stuff,"(36.97, 0.77)",0.83
3dee0ee5-ec9,TRK-795,MNCM_SRAQ,2023-10-01T14:20:00,Client,"(31.47, 4.55)",0.92
75df0619-6cc,TRK-341,MNCM_SRAQ,2023-10-01T14:27:00,Stuff,"(38.63, 1.6)",0.87
35cf64ec-533,TRK-895,MNCM_SRAQ,2023-10-01T14:37:00,Stuff,"(35.65, 6.15)",0.73
8ab1944b-f2c,TRK-456,MNCM_SRAQ,2023-10-01T14:43:00,Client,"(38.28, 7.8)",0.91
f5f2ddc5-8ff,TRK-326,MNCM_SRAQ,2023-10-01T14:50:00,Stuff,"(31.34, 7.79)",0.88
fd910659-390,TRK-953,MNCM_SRAQ,2023-10-01T15:00:00,Stuff,"(33.05, 0.76)",0.96
a5db2cba-8db,TRK-661,MNCM_SRAQ,2023-10-01T15:06:00,Client,"(33.92, 3.88)",0.92
69f496b5-7fb,TRK-663,MNCM_SRAQ,2023-10-01T15:16:00,Stuff,"(35.7, 5.48)",0.97
7360c44f-678,TRK-529,KDCM_SRAQ,2023-10-01T12:10:00,Client,"(36.7, 11.29)",0.95
f9493b6c-a3e,TRK-890,KDCM_SRAQ,2023-10-01T12:19:00,Stuff,"(37.38, 8.08)",0.96
3b45b7b8-d31,TRK-919,KDCM_SRAQ,2023-10-01T12:24:00,Client,"(35.91, 12.78)",0.71
401cff41-3dd,TRK-153,KDCM_SRAQ,2023-10-01T12:32:00,Client,"(39.99, 10.87)",0.98
20eba098-eb6,TRK-491,KDCM_SRAQ,2023-10-01T12:42:00,Client,"(33.0, 10.44)",0.73
543f0687-eea,TRK-694,KDCM_SRAQ,2023-10-01T12:51:00,Stuff,"(33.88, 10.41)",0.9
2544b805-1b0,TRK-195,KDCM_SRAQ,2023-10-01T13:00:00,Client,"(29.95, 13.47)",0.88
def32a43-feb,TRK-738,KDCM_SRAQ,2023-10-01T13:10:00,Client,"(30.75, 11.57)",0.97
47ad4730-403,TRK-752,KDCM_SRAQ,2023-10-01T13:16:00,Stuff,"(31.77, 13.51)",0.71
3eb6880a-671,TRK-326,KDCM_SRAQ,2023-10-01T13:25:00,Client,"(29.32, 10.59)",0.85
bcb9e46b-e24,TRK-515,KDCM_SRAQ,2023-10-01T13:31:00,Client,"(32.89, 10.46)",0.92
f132ecd7-cbe,TRK-795,KDCM_SRAQ,2023-10-01T13:37:00,Stuff,"(38.8, 14.75)",0.94
04111d25-ba4,TRK-891,KDCM_SRAQ,2023-10-01T13:42:00,Client,"(28.53, 11.58)",0.73
5eb60a62-8a7,TRK-520,KDCM_SRAQ,2023-10-01T13:50:00,Client,"(37.31, 14.72)",0.94
eeaa941e-6d0,TRK-417,KDCM_SRAQ,2023-10-01T13:58:00,Client,"(28.82, 8.84)",0.91
9ca6c938-d7f,TRK-325,KDCM_SRAQ,2023-10-01T14:07:00,Stuff,"(29.26, 9.3)",0.86
ef142d57-e42,TRK-776,KDCM_SRAQ,2023-10-01T14:12:00,Stuff,"(35.22, 12.47)",0.95
17053302-46e,TRK-514,KDCM_SRAQ,2023-10-01T14:18:00,Client,"(38.4, 9.41)",0.72
f9fba33a-935,TRK-159,KDCM_SRAQ,2023-10-01T14:25:00,Stuff,"(35.25, 10.18)",0.94
6f2f44be-871,TRK-621,KDCM_SRAQ,2023-10-01T14:35:00,Client,"(39.89, 9.86)",0.81
3bf925f8-c04,TRK-920,KDCM_SRAQ,2023-10-01T14:41:00,Stuff,"(32.48, 14.23)",0.8
8cd80597-7a1,TRK-404,KDCM_SRAQ,2023-10-01T14:51:00,Stuff,"(33.93, 8.85)",0.89
eb897b40-173,TRK-680,KDCM_SRAQ,2023-10-01T14:59:00,Client,"(28.26, 11.43)",0.99
193cf4f6-35d,TRK-947,KDCM_SRAQ,2023-10-01T15:09:00,Client,"(37.87, 14.95)",0.93
4a5b32bc-5f0,TRK-865,COCM_SRAQ,2023-10-01T12:06:00,Stuff,"(17.24, 1.32)",0.79
95d881c0-9d9,TRK-172,COCM_SRAQ,2023-10-01T12:16:00,Stuff,"(21.67, 0.75)",0.71
b58b76db-362,TRK-672,COCM_SRAQ,2023-10-01T12:26:00,Client,"(16.11, 2.56)",0.97
36e6fabc-f83,TRK-675,COCM_SRAQ,2023-10-01T12:36:00,Stuff,"(16.08, 1.66)",0.97
e3fe81d7-88a,TRK-948,COCM_SRAQ,2023-10-01T12:46:00,Stuff,"(19.19, 2.07)",0.93
a11785f1-8f3,TRK-642,COCM_SRAQ,2023-10-01T12:52:00,Stuff,"(16.45, 1.09)",0.87
cfb109bf-4a1,TRK-441,COCM_SRAQ,2023-10-01T12:59:00,Client,"(19.34, 1.36)",0.77
d353beb7-a99,TRK-532,COCM_SRAQ,2023-10-01T13:09:00,Client,"(15.78, 0.74)",0.96
0fff8156-5f2,TRK-596,COCM_SRAQ,2023-10-01T13:17:00,Client,"(19.58, 1.93)",0.73
ff2691a8-6a6,TRK-184,COCM_SRAQ,2023-10-01T13:23:00,Stuff,"(17.77, 1.18)",0.89
9d7ada1b-dfa,TRK-617,COCM_SRAQ,2023-10-01T13:32:00,Client,"(19.56, 0.34)",0.74
69422903-06e,TRK-196,COCM_SRAQ,2023-10-01T13:42:00,Stuff,"(21.48, 0.24)",0.77
d02ffeeb-1a9,TRK-382,COCM_SRAQ,2023-10-01T13:48:00,Stuff,"(16.57, 0.23)",0.72
458a0475-cb5,TRK-509,COCM_SRAQ,2023-10-01T13:55:00,Stuff,"(17.17, 2.1)",0.86
1b1c3459-a8a,TRK-693,COCM_SRAQ,2023-10-01T14:04:00,Stuff,"(16.81, 1.56)",0.85
cebc4ab0-677,TRK-498,COCM_SRAQ,2023-10-01T14:11:00,Client,"(21.02, 2.15)",0.89
aadf818d-2c2,TRK-577,COCM_SRAQ,2023-10-01T14:20:00,Client,"(15.27, 1.22)",0.89
6ae39d0f-7ba,TRK-917,COCM_SRAQ,2023-10-01T14:25:00,Stuff,"(15.98, 1.57)",0.91
4dd1f72c-b0d,TRK-515,COCM_SRAQ,2023-10-01T14:32:00,Stuff,"(20.44, 1.86)",0.81
ca31d65f-bef,TRK-516,COCM_SRAQ,2023-10-01T14:41:00,Client,"(19.11, 2.85)",0.75
2a0be3a8-96f,TRK-588,COCM_SRAQ,2023-10-01T14:48:00,Client,"(16.94, 1.43)",0.75
caf353ea-bab,TRK-176,COCM_SRAQ,2023-10-01T14:53:00,Client,"(20.8, 1.68)",0.95
07295b26-350,TRK-877,COCM_SRAQ,2023-10-01T15:00:00,Stuff,"(15.28, 0.01)",0.79
c81eb685-e99,TRK-489,COCM_SRAQ,2023-10-01T15:07:00,Client,"(19.65, 1.96)",0.72
1c896a2f-1c3,TRK-196,FRCM_SRAQ,2023-10-01T12:07:00,Stuff,"(8.91, 9.34)",0.97
2f953d4c-75e,TRK-843,FRCM_SRAQ,2023-10-01T12:16:00,Client,"(9.0, 9.38)",0.95
d62467dd-a71,TRK-807,FRCM_SRAQ,2023-10-01T12:22:00,Stuff,"(10.0, 6.63)",0.77
6a0a6341-6cb,TRK-544,FRCM_SRAQ,2023-10-01T12:29:00,Client,"(13.8, 8.34)",0.87
318047e3-740,TRK-256,FRCM_SRAQ,2023-10-01T12:37:00,Stuff,"(8.27, 8.63)",0.93
47301a33-e3f,TRK-137,FRCM_SRAQ,2023-10-01T12:47:00,Client,"(13.58, 7.22)",0.79
855fa3a8-da6,TRK-227,FRCM_SRAQ,2023-10-01T12:55:00,Client,"(11.12, 9.99)",0.87
99a1ad70-dc7,TRK-750,FRCM_SRAQ,2023-10-01T13:04:00,Stuff,"(14.27, 6.8)",0.76
020910b9-934,TRK-714,FRCM_SRAQ,2023-10-01T13:14:00,Client,"(7.16, 9.59)",0.71
6f40ad64-a85,TRK-718,FRCM_SRAQ,2023-10-01T13:21:00,Stuff,"(9.5, 5.39)",0.82
a4cbd00d-806,TRK-652,FRCM_SRAQ,2023-10-01T13:28:00,Stuff,"(10.7, 5.95)",0.88
2254c0ec-48f,TRK-109,FRCM_SRAQ,2023-10-01T13:33:00,Stuff,"(14.44, 8.09)",0.89
53c3993d-421,TRK-959,FRCM_SRAQ,2023-10-01T13:42:00,Stuff,"(7.4, 9.91)",0.89
911b411c-f7f,TRK-289,FRCM_SRAQ,2023-10-01T13:51:00,Client,"(12.86, 5.91)",0.76
d969d920-782,TRK-613,FRCM_SRAQ,2023-10-01T13:59:00,Stuff,"(8.55, 5.22)",0.9
d2551816-3e2,TRK-995,FRCM_SRAQ,2023-10-01T14:09:00,Client,"(10.74, 8.77)",0.81
31c28148-c8e,TRK-784,FRCM_SRAQ,2023-10-01T14:19:00,Client,"(10.19, 9.14)",0.98
57c06b12-bf8,TRK-828,FRCM_SRAQ,2023-10-01T14:24:00,Client,"(13.26, 5.45)",0.85
5b27b0f7-815,TRK-194,FRCM_SRAQ,2023-10-01T14:34:00,Client,"(10.13, 7.05)",0.78
e493bf20-1d9,TRK-826,FRCM_SRAQ,2023-10-01T14:43:00,Client,"(14.65, 6.79)",0.91
b92df1bf-cac,TRK-493,FRCM_SRAQ,2023-10-01T14:50:00,Stuff,"(13.3, 9.97)",0.75
80e200e0-710,TRK-914,FRCM_SRAQ,2023-10-01T14:55:00,Client,"(9.42, 5.27)",0.97
5b073b67-9ca,TRK-608,FRCM_SRAQ,2023-10-01T15:03:00,Client,"(13.09, 9.15)",0.77
2478206c-14c,TRK-739,FRCM_SRAQ,2023-10-01T15:10:00,Stuff,"(12.13, 6.48)",0.79
de00ddca-b8d,TRK-840,ENTRCM_SRBN,2023-10-01T12:08:00,Stuff,,0.98
d7265cc5-82e,TRK-268,ENTRCM_SRBN,2023-10-01T12:17:00,Stuff,,0.76
558eef13-7dc,TRK-772,ENTRCM_SRBN,2023-10-01T12:23:00,Client,,0.73
0a6b1b9a-51f,TRK-733,ENTRCM_SRBN,2023-10-01T12:29:00,Client,,0.89
41be654e-7a9,TRK-799,ENTRCM_SRBN,2023-10-01T12:34:00,Stuff,,0.86
b9956e83-db4,TRK-792,ENTRCM_SRBN,2023-10-01T12:39:00,Client,,0.97
2201b39a-5cc,TRK-721,ENTRCM_SRBN,2023-10-01T12:49:00,Stuff,,0.89
18874de4-148,TRK-600,ENTRCM_SRBN,2023-10-01T12:56:00,Stuff,,0.89
1982074f-75a,TRK-468,ENTRCM_SRBN,2023-10-01T13:01:00,Stuff,,0.77
ddd26953-955,TRK-241,ENTRCM_SRBN,2023-10-01T13:10:00,Client,,0.7
b06c9946-9c2,TRK-984,ENTRCM_SRBN,2023-10-01T13:19:00,Client,,0.99
21bcadf9-b12,TRK-459,ENTRCM_SRBN,2023-10-01T13:26:00,Client,,0.75
ab643b3c-3e8,TRK-297,ENTRCM_SRBN,2023-10-01T13:33:00,Client,,0.83
b34d9fdf-52f,TRK-400,ENTRCM_SRBN,2023-10-01T13:43:00,Stuff,,0.76
e9165a4b-133,TRK-489,ENTRCM_SRBN,2023-10-01T13:51:00,Stuff,,0.75
c2e1a598-981,TRK-702,ENTRCM_SRBN,2023-10-01T13:57:00,Stuff,,0.88
60afdbfb-07e,TRK-231,ENTRCM_SRBN,2023-10-01T14:06:00,Client,,0.77
d76012af-1f8,TRK-545,ENTRCM_SRBN,2023-10-01T14:12:00,Client,,0.74
04ed647c-b5b,TRK-497,ENTRCM_SRBN,2023-10-01T14:21:00,Client,,0.73
1db60ccc-ce8,TRK-124,ENTRCM_SRBN,2023-10-01T14:30:00,Client,,0.99
cd06564a-b43,TRK-826,ENTRCM_SRBN,2023-10-01T14:35:00,Client,,0.92
af7d002d-431,TRK-568,ENTRCM_SRBN,2023-10-01T14:45:00,Client,,0.75
df97cace-0df,TRK-187,ENTRCM_SRBN,2023-10-01T14:51:00,Stuff,,0.83
71f13e90-a90,TRK-656,ENTRCM_SRBN,2023-10-01T14:58:00,Stuff,,0.93
2738feca-f56,TRK-440,WMCM_SRBN,2023-10-01T12:05:00,Client,"(15.08, 6.06)",0.99
cbf98f7c-0fc,TRK-342,WMCM_SRBN,2023-10-01T12:15:00,Client,"(20.57, 9.41)",0.95
2939867c-11e,TRK-488,WMCM_SRBN,2023-10-01T12:23:00,Stuff,"(27.01, 6.27)",0.87
f50a21f9-513,TRK-172,WMCM_SRBN,2023-10-01T12:29:00,Client,"(20.29, 13.25)",0.76
a6b732c0-fca,TRK-821,WMCM_SRBN,2023-10-01T12:36:00,Client,"(16.86, 8.79)",0.99
332cd9f3-382,TRK-823,WMCM_SRBN,2023-10-01T12:45:00,Client,"(21.3, 12.23)",0.92
1e16c57b-903,TRK-382,WMCM_SRBN,2023-10-01T12:54:00,Stuff,"(17.44, 8.44)",0.89
66968bfb-32e,TRK-496,WMCM_SRBN,2023-10-01T13:04:00,Client,"(25.05, 6.8)",0.82
a839418f-b10,TRK-516,WMCM_SRBN,2023-10-01T13:12:00,Stuff,"(19.42, 11.02)",0.79
a62a1fb6-345,TRK-392,WMCM_SRBN,2023-10-01T13:20:00,Client,"(17.95, 3.18)",0.78
81920f44-c5f,TRK-943,WMCM_SRBN,2023-10-01T13:25:00,Client,"(25.05, 7.3)",0.92
4b034381-77b,TRK-336,WMCM_SRBN,2023-10-01T13:32:00,Client,"(19.58, 11.5)",0.79
60c00c8f-63e,TRK-902,WMCM_SRBN,2023-10-01T13:37:00,Client,"(24.4, 10.2)",0.95
0886c5f3-4e3,TRK-948,WMCM_SRBN,2023-10-01T13:42:00,Stuff,"(20.17, 13.07)",0.74
b2bc0402-0f6,TRK-422,WMCM_SRBN,2023-10-01T13:52:00,Client,"(20.18, 10.45)",0.73
2e333974-83f,TRK-902,WMCM_SRBN,2023-10-01T14:01:00,Client,"(23.69, 4.98)",0.74
017ec769-b49,TRK-705,WMCM_SRBN,2023-10-01T14:06:00,Client,"(20.28, 10.78)",0.81
a865c3e6-c1d,TRK-138,WMCM_SRBN,2023-10-01T14:14:00,Stuff,"(17.39, 9.24)",0.75
3abe5748-eaf,TRK-551,WMCM_SRBN,2023-10-01T14:21:00,Stuff,"(20.73, 13.89)",0.96
b16a52be-3f4,TRK-220,WMCM_SRBN,2023-10-01T14:31:00,Client,"(17.73, 6.44)",0.81
fc449d26-1b2,TRK-652,WMCM_SRBN,2023-10-01T14:36:00,Client,"(22.64, 3.88)",0.87
ffc542d3-490,TRK-377,WMCM_SRBN,2023-10-01T14:42:00,Client,"(15.15, 7.72)",0.83
483a2c73-317,TRK-953,WMCM_SRBN,2023-10-01T14:52:00,Stuff,"(23.35, 4.02)",0.85
8969b161-ae2,TRK-621,WMCM_SRBN,2023-10-01T14:59:00,Stuff,"(26.65, 8.08)",0.86
4afde6e8-f50,TRK-170,MNCM_SRBN,2023-10-01T12:09:00,Client,"(29.83, 0.67)",0.82
b4ba87e9-4e5,TRK-393,MNCM_SRBN,2023-10-01T12:18:00,Stuff,"(39.27, 2.64)",0.8
1938e868-290,TRK-393,MNCM_SRBN,2023-10-01T12:24:00,Stuff,"(31.05, 7.9)",0.86
1b7ad819-5d5,TRK-764,MNCM_SRBN,2023-10-01T12:29:00,Stuff,"(35.77, 7.34)",0.73
38934c9f-a3a,TRK-246,MNCM_SRBN,2023-10-01T12:37:00,Stuff,"(35.56, 4.95)",0.8
0dfbdb27-5a5,TRK-199,MNCM_SRBN,2023-10-01T12:47:00,Client,"(29.86, 3.57)",0.9
0a5fe3f0-d20,TRK-653,MNCM_SRBN,2023-10-01T12:52:00,Client,"(33.52, 0.84)",0.77
e03a1070-c1f,TRK-874,MNCM_SRBN,2023-10-01T12:57:00,Client,"(39.59, 2.42)",0.9
348ca7ca-cc3,TRK-824,MNCM_SRBN,2023-10-01T13:02:00,Client,"(31.7, 5.27)",0.7
18162239-249,TRK-740,MNCM_SRBN,2023-10-01T13:10:00,Stuff,"(38.0, 4.91)",0.88
567e7fa9-528,TRK-379,MNCM_SRBN,2023-10-01T13:16:00,Stuff,"(28.07, 5.77)",0.74
566579dc-cc6,TRK-620,MNCM_SRBN,2023-10-01T13:25:00,Client,"(31.26, 2.04)",0.85
dd7140ae-cc3,TRK-550,MNCM_SRBN,2023-10-01T13:35:00,Client,"(30.45, 3.87)",0.87
b67507a2-4f5,TRK-496,MNCM_SRBN,2023-10-01T13:40:00,Client,"(30.16, 1.48)",0.83
239ddd8a-242,TRK-771,MNCM_SRBN,2023-10-01T13:50:00,Stuff,"(29.64, 2.6)",0.7
d5a6da7c-046,TRK-484,MNCM_SRBN,2023-10-01T13:55:00,Client,"(32.32, 0.85)",0.92
523411fd-e2b,TRK-521,MNCM_SRBN,2023-10-01T14:01:00,Client,"(35.2, 1.75)",0.76
77cfdcd9-4a7,TRK-666,MNCM_SRBN,2023-10-01T14:07:00,Client,"(32.92, 1.46)",0.76
f5fa9eb1-404,TRK-244,MNCM_SRBN,2023-10-01T14:16:00,Client,"(29.66, 6.95)",0.9
7ae1fce1-53d,TRK-450,MNCM_SRBN,2023-10-01T14:22:00,Client,"(32.97, 4.48)",0.98
2f7ac985-14c,TRK-680,MNCM_SRBN,2023-10-01T14:32:00,Client,"(33.29, 1.34)",0.74
4219f7bf-259,TRK-257,MNCM_SRBN,2023-10-01T14:40:00,Stuff,"(35.34, 3.87)",0.98
71290c84-b12,TRK-432,MNCM_SRBN,2023-10-01T14:49:00,Client,"(33.06, 2.57)",0.88
8442e7be-97d,TRK-486,MNCM_SRBN,2023-10-01T14:55:00,Client,"(39.37, 0.11)",0.72
b96bfcbb-d71,TRK-551,KDCM_SRBN,2023-10-01T12:09:00,Client,"(30.09, 14.89)",0.85
5173295f-3c6,TRK-304,KDCM_SRBN,2023-10-01T12:15:00,Client,"(31.71, 8.92)",0.8
97e86828-fbc,TRK-827,KDCM_SRBN,2023-10-01T12:24:00,Client,"(38.13, 10.95)",0.89
75adc503-e9c,TRK-285,KDCM_SRBN,2023-10-01T12:32:00,Client,"(28.33, 8.13)",0.87
a93e0a83-c3d,TRK-735,KDCM_SRBN,2023-10-01T12:42:00,Stuff,"(31.27, 11.67)",0.92
f2e0c589-68f,TRK-601,KDCM_SRBN,2023-10-01T12:49:00,Client,"(28.71, 8.86)",0.78
1260ff93-180,TRK-162,KDCM_SRBN,2023-10-01T12:57:00,Client,"(39.62, 8.87)",0.88
21bcec4f-f02,TRK-342,KDCM_SRBN,2023-10-01T13:02:00,Client,"(39.05, 8.26)",0.94
9b41bcff-3c7,TRK-740,KDCM_SRBN,2023-10-01T13:10:00,Client,"(36.77, 8.85)",0.87
e97b9406-fcb,TRK-918,KDCM_SRBN,2023-10-01T13:17:00,Client,"(38.62, 12.86)",0.9
5e1b670a-715,TRK-714,KDCM_SRBN,2023-10-01T13:26:00,Client,"(28.08, 9.67)",0.73
d9ba5af9-cf6,TRK-138,KDCM_SRBN,2023-10-01T13:33:00,Client,"(30.22, 10.44)",0.71
f48dc4d0-149,TRK-722,KDCM_SRBN,2023-10-01T13:40:00,Client,"(31.61, 10.15)",0.81
366ef82f-c87,TRK-444,KDCM_SRBN,2023-10-01T13:46:00,Stuff,"(36.78, 13.13)",0.87
d2246bee-fed,TRK-360,KDCM_SRBN,2023-10-01T13:52:00,Client,"(31.49, 11.38)",0.96
7b72d672-29f,TRK-984,KDCM_SRBN,2023-10-01T14:01:00,Client,"(33.77, 9.73)",0.94
b4523725-6da,TRK-168,KDCM_SRBN,2023-10-01T14:06:00,Stuff,"(33.15, 13.59)",0.92
e3d544a5-38f,TRK-590,KDCM_SRBN,2023-10-01T14:11:00,Stuff,"(36.25, 14.54)",0.77
717e19a5-313,TRK-146,KDCM_SRBN,2023-10-01T14:21:00,Client,"(32.14, 10.24)",0.75
828a9bd6-61a,TRK-469,KDCM_SRBN,2023-10-01T14:27:00,Client,"(37.65, 11.61)",0.85
49003a8e-583,TRK-579,KDCM_SRBN,2023-10-01T14:32:00,Stuff,"(29.91, 8.11)",0.76
d7406c30-736,TRK-163,KDCM_SRBN,2023-10-01T14:38:00,Stuff,"(30.05, 11.6)",0.77
7cc47a37-46d,TRK-165,KDCM_SRBN,2023-10-01T14:44:00,Client,"(36.31, 12.93)",0.83
290e462b-09c,TRK-890,KDCM_SRBN,2023-10-01T14:51:00,Stuff,"(34.15, 13.41)",0.81
d90c74a1-15a,TRK-885,COCM_SRBN,2023-10-01T12:10:00,Client,"(16.85, 0.43)",0.9
be3ae9c4-9af,TRK-257,COCM_SRBN,2023-10-01T12:16:00,Client,"(19.44, 0.56)",0.92
f3c34d52-9a1,TRK-747,COCM_SRBN,2023-10-01T12:23:00,Client,"(20.49, 0.59)",0.82
9abf6955-6ac,TRK-239,COCM_SRBN,2023-10-01T12:28:00,Client,"(16.33, 2.04)",0.72
0e4133ad-1b8,TRK-952,COCM_SRBN,2023-10-01T12:35:00,Stuff,"(16.92, 0.11)",0.7
6b4f3719-4ce,TRK-709,COCM_SRBN,2023-10-01T12:42:00,Client,"(20.92, 1.92)",0.77
ee27a42c-dee,TRK-776,COCM_SRBN,2023-10-01T12:48:00,Client,"(21.64, 1.91)",0.73
24a9cab4-eea,TRK-896,COCM_SRBN,2023-10-01T12:54:00,Client,"(18.15, 2.87)",0.89
70f945e0-7f4,TRK-304,COCM_SRBN,2023-10-01T13:02:00,Client,"(18.64, 1.71)",0.73
e90effd8-b20,TRK-765,COCM_SRBN,2023-10-01T13:12:00,Stuff,"(15.86, 2.38)",0.71
4d8fbfca-17b,TRK-839,COCM_SRBN,2023-10-01T13:17:00,Stuff,"(18.31, 1.71)",0.83
d610e24c-2e5,TRK-672,COCM_SRBN,2023-10-01T13:25:00,Client,"(16.92, 1.35)",0.84
d503d2a5-a95,TRK-304,COCM_SRBN,2023-10-01T13:32:00,Stuff,"(19.66, 2.87)",0.79
cdfb0039-cb8,TRK-747,COCM_SRBN,2023-10-01T13:39:00,Client,"(20.05, 2.52)",0.83
2f8f2021-51f,TRK-671,COCM_SRBN,2023-10-01T13:48:00,Client,"(17.4, 2.69)",0.83
64c33812-55b,TRK-811,COCM_SRBN,2023-10-01T13:57:00,Stuff,"(16.65, 1.8)",0.81
b0efabe1-250,TRK-715,COCM_SRBN,2023-10-01T14:02:00,Client,"(20.45, 2.3)",0.76
a1dc6069-167,TRK-854,COCM_SRBN,2023-10-01T14:07:00,Stuff,"(20.58, 1.12)",0.84
1ce912a6-116,TRK-930,COCM_SRBN,2023-10-01T14:16:00,Client,"(21.41, 2.5)",0.77
d8ba5b46-c22,TRK-866,COCM_SRBN,2023-10-01T14:25:00,Client,"(18.24, 0.8)",0.91
38ae43e2-d93,TRK-559,COCM_SRBN,2023-10-01T14:30:00,Stuff,"(18.32, 1.64)",0.8
35f3a0f3-63c,TRK-706,COCM_SRBN,2023-10-01T14:36:00,Stuff,"(19.31, 1.29)",0.96
19d7b715-a8e,TRK-851,COCM_SRBN,2023-10-01T14:41:00,Client,"(21.78, 2.88)",0.86
c23d952a-729,TRK-312,COCM_SRBN,2023-10-01T14:46:00,Client,"(20.88, 0.06)",0.76
9827417a-1c1,TRK-496,FRCM_SRBN,2023-10-01T12:09:00,Stuff,"(10.54, 6.39)",0.92
70540898-582,TRK-198,FRCM_SRBN,2023-10-01T12:18:00,Stuff,"(7.45, 9.92)",0.92
7206ca2d-be4,TRK-103,FRCM_SRBN,2023-10-01T12:25:00,Client,"(12.14, 9.01)",0.8
aaa74ed1-f0a,TRK-702,FRCM_SRBN,2023-10-01T12:31:00,Stuff,"(8.1, 9.91)",0.99
4cd983aa-a68,TRK-740,FRCM_SRBN,2023-10-01T12:41:00,Client,"(13.6, 7.65)",0.96
09122133-fd7,TRK-112,FRCM_SRBN,2023-10-01T12:48:00,Client,"(8.45, 5.23)",0.91
26c62938-75d,TRK-748,FRCM_SRBN,2023-10-01T12:54:00,Client,"(12.96, 5.32)",0.71
74fec4b0-de6,TRK-413,FRCM_SRBN,2023-10-01T13:01:00,Client,"(7.11, 7.89)",0.8
b71c857c-326,TRK-153,FRCM_SRBN,2023-10-01T13:06:00,Stuff,"(7.28, 5.5)",0.85
13a885d3-472,TRK-453,FRCM_SRBN,2023-10-01T13:13:00,Client,"(13.03, 9.23)",0.72
8e096c21-ad7,TRK-285,FRCM_SRBN,2023-10-01T13:20:00,Stuff,"(12.55, 8.81)",0.85
c8875235-c93,TRK-573,FRCM_SRBN,2023-10-01T13:29:00,Stuff,"(8.14, 9.15)",0.88
becafeb0-eb9,TRK-705,FRCM_SRBN,2023-10-01T13:36:00,Client,"(13.84, 8.97)",0.83
dd875b1c-26b,TRK-999,FRCM_SRBN,2023-10-01T13:46:00,Client,"(11.14, 8.71)",0.96
070f2998-de1,TRK-417,FRCM_SRBN,2023-10-01T13:52:00,Client,"(12.34, 5.66)",0.83
92fc4918-8cf,TRK-650,FRCM_SRBN,2023-10-01T13:57:00,Stuff,"(9.12, 8.01)",0.98
4516a627-4f3,TRK-204,FRCM_SRBN,2023-10-01T14:03:00,Stuff,"(11.17, 5.31)",0.94
199d8a9b-303,TRK-233,FRCM_SRBN,2023-10-01T14:09:00,Client,"(12.06, 7.68)",0.87
c4a40887-849,TRK-207,FRCM_SRBN,2023-10-01T14:19:00,Stuff,"(10.5, 5.52)",0.8
ebd5cbdd-f7f,TRK-860,FRCM_SRBN,2023-10-01T14:25:00,Stuff,"(14.4, 6.18)",0.72
a43d3c8e-1d6,TRK-364,FRCM_SRBN,2023-10-01T14:32:00,Client,"(10.82, 6.78)",0.77
f5f4de96-6ee,TRK-535,FRCM_SRBN,2023-10-01T14:37:00,Client,"(11.87, 7.26)",0.91
559e6587-b0d,TRK-380,FRCM_SRBN,2023-10-01T14:45:00,Client,"(13.81, 7.93)",0.9
4b88e6e4-31b,TRK-714,FRCM_SRBN,2023-10-01T14:53:00,Stuff,"(12.85, 8.72)",0.93
351bfc38-1c6,TRK-230,ENTRCM_SRSL,2023-10-01T12:09:00,Stuff,,0.84
ed73da43-87c,TRK-143,ENTRCM_SRSL,2023-10-01T12:18:00,Client,,0.85
be9577e1-36b,TRK-561,ENTRCM_SRSL,2023-10-01T12:28:00,Client,,0.77
38fa4d0b-3b3,TRK-548,ENTRCM_SRSL,2023-10-01T12:38:00,Stuff,,0.71
ab63d46b-a7a,TRK-482,ENTRCM_SRSL,2023-10-01T12:45:00,Client,,0.83
77804d9d-b97,TRK-168,ENTRCM_SRSL,2023-10-01T12:53:00,Client,,0.92
6a58243c-1a4,TRK-897,ENTRCM_SRSL,2023-10-01T13:00:00,Client,,0.8
30aa57c5-0d0,TRK-283,ENTRCM_SRSL,2023-10-01T13:07:00,Stuff,,0.93
cc855a4c-ff9,TRK-691,ENTRCM_SRSL,2023-10-01T13:17:00,Client,,0.95
d07aa32a-bb8,TRK-164,ENTRCM_SRSL,2023-10-01T13:23:00,Client,,0.8
fbf48845-89c,TRK-172,ENTRCM_SRSL,2023-10-01T13:30:00,Client,,0.81
e7f43e41-685,TRK-687,ENTRCM_SRSL,2023-10-01T13:35:00,Client,,0.82
0ee9cd60-e94,TRK-447,ENTRCM_SRSL,2023-10-01T13:44:00,Stuff,,0.76
3477f034-474,TRK-424,ENTRCM_SRSL,2023-10-01T13:53:00,Client,,0.8
c56cb9a7-426,TRK-415,ENTRCM_SRSL,2023-10-01T13:58:00,Stuff,,0.81
094321a0-256,TRK-701,ENTRCM_SRSL,2023-10-01T14:03:00,Client,,0.75
2cbf525d-544,TRK-705,ENTRCM_SRSL,2023-10-01T14:12:00,Client,,0.86
02c73c10-845,TRK-759,ENTRCM_SRSL,2023-10-01T14:22:00,Client,,0.9
cd0a4816-f7c,TRK-610,ENTRCM_SRSL,2023-10-01T14:27:00,Client,,0.8
cfe7bb61-8a4,TRK-850,ENTRCM_SRSL,2023-10-01T14:35:00,Client,,0.78
5af90016-b14,TRK-923,ENTRCM_SRSL,2023-10-01T14:41:00,Client,,0.73
a8d8b7ea-c69,TRK-901,ENTRCM_SRSL,2023-10-01T14:47:00,Client,,0.8
36828246-acd,TRK-375,ENTRCM_SRSL,2023-10-01T14:54:00,Client,,0.75
45a35c99-4a1,TRK-958,ENTRCM_SRSL,2023-10-01T15:03:00,Client,,0.91
c525805b-de4,TRK-379,WMCM_SRSL,2023-10-01T12:09:00,Client,"(25.06, 8.72)",0.87
2ad67bc9-450,TRK-323,WMCM_SRSL,2023-10-01T12:14:00,Client,"(20.13, 5.62)",0.91
177c89cf-3c5,TRK-542,WMCM_SRSL,2023-10-01T12:19:00,Client,"(17.53, 4.6)",0.93
016b4017-4c5,TRK-631,WMCM_SRSL,2023-10-01T12:26:00,Client,"(17.38, 14.24)",0.86
dc607063-9ce,TRK-981,WMCM_SRSL,2023-10-01T12:34:00,Client,"(24.21, 8.87)",0.89
7a10cde9-918,TRK-159,WMCM_SRSL,2023-10-01T12:42:00,Client,"(21.51, 9.82)",0.91
9032893c-aa5,TRK-258,WMCM_SRSL,2023-10-01T12:52:00,Stuff,"(16.12, 8.7)",0.82
321ead5e-6d9,TRK-609,WMCM_SRSL,2023-10-01T13:01:00,Stuff,"(24.21, 4.74)",0.85
2d64fc8e-d6c,TRK-336,WMCM_SRSL,2023-10-01T13:11:00,Client,"(24.36, 3.53)",0.7
8e2f0c70-7cb,TRK-280,WMCM_SRSL,2023-10-01T13:18:00,Client,"(21.66, 7.79)",0.74
2b93c98d-dd1,TRK-223,WMCM_SRSL,2023-10-01T13:26:00,Client,"(16.33, 13.43)",0.97
d4311ed4-3a3,TRK-605,WMCM_SRSL,2023-10-01T13:34:00,Stuff,"(27.88, 4.05)",0.72
3485ada6-971,TRK-813,WMCM_SRSL,2023-10-01T13:44:00,Client,"(27.85, 4.4)",0.76
b38366af-9e5,TRK-734,WMCM_SRSL,2023-10-01T13:51:00,Stuff,"(20.16, 12.33)",0.91
50b0669e-d37,TRK-309,WMCM_SRSL,2023-10-01T13:56:00,Client,"(17.9, 11.39)",0.91
c2583b3a-a8f,TRK-583,WMCM_SRSL,2023-10-01T14:01:00,Client,"(18.62, 10.4)",0.95
0b007d71-194,TRK-542,WMCM_SRSL,2023-10-01T14:10:00,Stuff,"(16.62, 3.11)",0.97
ad6cea1a-34b,TRK-361,WMCM_SRSL,2023-10-01T14:19:00,Client,"(27.83, 10.51)",0.88
cb5404fb-d95,TRK-408,WMCM_SRSL,2023-10-01T14:25:00,Client,"(22.59, 6.24)",0.76
11bc2287-024,TRK-494,WMCM_SRSL,2023-10-01T14:35:00,Stuff,"(24.82, 13.92)",0.88
10a48762-ba2,TRK-233,WMCM_SRSL,2023-10-01T14:40:00,Client,"(21.87, 6.36)",0.76
4fb7fe30-f06,TRK-401,WMCM_SRSL,2023-10-01T14:48:00,Client,"(19.97, 12.57)",0.95
bf7b0d80-671,TRK-719,WMCM_SRSL,2023-10-01T14:58:00,Client,"(26.48, 12.76)",0.79
127a6185-536,TRK-400,WMCM_SRSL,2023-10-01T15:07:00,Stuff,"(20.07, 6.96)",0.98
2c565be5-046,TRK-509,MNCM_SRSL,2023-10-01T12:06:00,Stuff,"(34.59, 3.71)",0.77
748a7fd1-2c6,TRK-253,MNCM_SRSL,2023-10-01T12:16:00,Client,"(30.49, 1.54)",0.86
4d2dc851-186,TRK-596,MNCM_SRSL,2023-10-01T12:24:00,Client,"(35.71, 0.87)",0.88
465c310a-026,TRK-537,MNCM_SRSL,2023-10-01T12:31:00,Client,"(34.03, 0.25)",0.85
1c020639-6aa,TRK-172,MNCM_SRSL,2023-10-01T12:39:00,Client,"(28.04, 4.08)",0.77
59b6dfc6-78b,TRK-452,MNCM_SRSL,2023-10-01T12:45:00,Stuff,"(35.3, 1.2)",0.88
9d57afbf-682,TRK-786,MNCM_SRSL,2023-10-01T12:55:00,Stuff,"(29.27, 1.1)",0.87
e1a33752-99e,TRK-397,MNCM_SRSL,2023-10-01T13:03:00,Stuff,"(29.31, 7.3)",0.7
af04a433-61d,TRK-588,MNCM_SRSL,2023-10-01T13:12:00,Client,"(37.16, 0.25)",0.84
1e79027d-0c1,TRK-943,MNCM_SRSL,2023-10-01T13:21:00,Client,"(35.72, 2.37)",0.8
c976aba9-aa5,TRK-476,MNCM_SRSL,2023-10-01T13:26:00,Client,"(37.21, 3.8)",0.93
db531848-f40,TRK-286,MNCM_SRSL,2023-10-01T13:33:00,Client,"(35.01, 4.06)",0.85
c7d0fa27-956,TRK-468,MNCM_SRSL,2023-10-01T13:43:00,Stuff,"(34.94, 4.2)",0.75
d04ad1ee-e9a,TRK-622,MNCM_SRSL,2023-10-01T13:48:00,Stuff,"(29.49, 4.29)",0.94
ac81f4a5-5a5,TRK-716,MNCM_SRSL,2023-10-01T13:58:00,Client,"(38.1, 7.95)",0.97
e8e010ca-299,TRK-376,MNCM_SRSL,2023-10-01T14:06:00,Client,"(32.62, 0.43)",0.75
a1dcc06d-941,TRK-606,MNCM_SRSL,2023-10-01T14:14:00,Stuff,"(35.64, 3.61)",0.84
de6610e6-d80,TRK-104,MNCM_SRSL,2023-10-01T14:24:00,Client,"(33.35, 2.62)",0.75
1abc4602-287,TRK-277,MNCM_SRSL,2023-10-01T14:29:00,Client,"(28.98, 5.09)",0.92
efe9ff3a-bbe,TRK-571,MNCM_SRSL,2023-10-01T14:38:00,Client,"(37.35, 4.06)",0.78
b6e1b13e-6ba,TRK-487,MNCM_SRSL,2023-10-01T14:44:00,Client,"(29.67, 5.33)",0.72
68faebde-28d,TRK-179,MNCM_SRSL,2023-10-01T14:53:00,Client,"(30.4, 2.64)",0.82
a6eefc4a-f60,TRK-658,MNCM_SRSL,2023-10-01T15:01:00,Stuff,"(30.28, 4.52)",0.97
3b89ace9-867,TRK-870,MNCM_SRSL,2023-10-01T15:08:00,Stuff,"(28.54, 7.93)",0.83
91a70564-2fb,TRK-291,KDCM_SRSL,2023-10-01T12:10:00,Client,"(35.91, 13.83)",0.9
f8233b04-73c,TRK-653,KDCM_SRSL,2023-10-01T12:19:00,Client,"(37.29, 14.34)",0.81
7c58a5e6-558,TRK-554,KDCM_SRSL,2023-10-01T12:28:00,Stuff,"(34.42, 10.52)",0.74
02d9f92a-50d,TRK-452,KDCM_SRSL,2023-10-01T12:38:00,Client,"(35.24, 10.75)",0.78
a619597d-144,TRK-237,KDCM_SRSL,2023-10-01T12:45:00,Client,"(32.78, 11.06)",0.96
a4a5ad65-f6e,TRK-486,KDCM_SRSL,2023-10-01T12:54:00,Client,"(29.72, 11.11)",0.9
c1173f00-4f5,TRK-885,KDCM_SRSL,2023-10-01T12:59:00,Client,"(29.68, 8.63)",0.92
631f4bdf-14d,TRK-858,KDCM_SRSL,2023-10-01T13:04:00,Client,"(30.49, 9.03)",0.93
a53b58a2-e49,TRK-851,KDCM_SRSL,2023-10-01T13:13:00,Stuff,"(38.39, 12.31)",0.88
d92864f1-138,TRK-191,KDCM_SRSL,2023-10-01T13:18:00,Client,"(38.56, 14.52)",0.72
be556b07-5f4,TRK-859,KDCM_SRSL,2023-10-01T13:23:00,Client,"(33.54, 13.22)",0.76
fd1c6791-e06,TRK-912,KDCM_SRSL,2023-10-01T13:30:00,Stuff,"(36.8, 13.2)",0.84
93143b4e-9da,TRK-270,KDCM_SRSL,2023-10-01T13:38:00,Client,"(31.6, 9.48)",0.97
cb557f49-261,TRK-220,KDCM_SRSL,2023-10-01T13:47:00,Client,"(35.66, 8.45)",0.89
dc05b570-a3c,TRK-323,KDCM_SRSL,2023-10-01T13:54:00,Client,"(34.28, 12.08)",0.91
25c7b9ce-b50,TRK-723,KDCM_SRSL,2023-10-01T14:03:00,Client,"(32.3, 11.15)",0.72
92097f46-49f,TRK-775,KDCM_SRSL,2023-10-01T14:10:00,Client,"(39.86, 11.81)",0.8
4adac06b-1b4,TRK-751,KDCM_SRSL,2023-10-01T14:19:00,Client,"(29.35, 9.08)",0.9
014ad13f-8e7,TRK-295,KDCM_SRSL,2023-10-01T14:24:00,Client,"(30.65, 11.25)",0.87
6b278aaa-b9a,TRK-377,KDCM_SRSL,2023-10-01T14:33:00,Client,"(28.82, 8.43)",0.78
02455f36-664,TRK-992,KDCM_SRSL,2023-10-01T14:43:00,Stuff,"(36.48, 13.16)",0.84
914b4ec7-6fa,TRK-174,KDCM_SRSL,2023-10-01T14:48:00,Client,"(38.02, 11.62)",0.87
92404049-b88,TRK-988,KDCM_SRSL,2023-10-01T14:56:00,Client,"(38.04, 10.15)",0.92
a0ecbad4-e6f,TRK-782,KDCM_SRSL,2023-10-01T15:01:00,Client,"(33.13, 14.84)",0.98
bda5e5e3-c5e,TRK-357,COCM_SRSL,2023-10-01T12:09:00,Stuff,"(15.39, 0.88)",0.92
578ca661-e48,TRK-249,COCM_SRSL,2023-10-01T12:15:00,Stuff,"(19.6, 1.63)",0.84
6b933e2f-118,TRK-686,COCM_SRSL,2023-10-01T12:22:00,Client,"(17.88, 0.7)",0.72
65629df7-ebb,TRK-204,COCM_SRSL,2023-10-01T12:31:00,Client,"(18.41, 0.52)",0.94
e2f2d8bf-b6b,TRK-331,COCM_SRSL,2023-10-01T12:38:00,Stuff,"(20.75, 1.72)",0.95
b93a094c-647,TRK-351,COCM_SRSL,2023-10-01T12:47:00,Stuff,"(19.44, 0.36)",0.97
7a9a6bcc-669,TRK-970,COCM_SRSL,2023-10-01T12:55:00,Stuff,"(16.17, 2.85)",0.87
c55cbbe7-7ea,TRK-711,COCM_SRSL,2023-10-01T13:03:00,Client,"(17.31, 2.13)",0.76
8c77733c-7a7,TRK-955,COCM_SRSL,2023-10-01T13:08:00,Client,"(19.15, 2.52)",0.74
09b0f975-13d,TRK-211,COCM_SRSL,2023-10-01T13:18:00,Client,"(15.67, 1.42)",0.9
0a1ef840-675,TRK-898,COCM_SRSL,2023-10-01T13:24:00,Client,"(18.04, 0.9)",0.76
b1492b87-8db,TRK-604,COCM_SRSL,2023-10-01T13:29:00,Client,"(17.29, 1.21)",0.83
2f5e5ab0-8b2,TRK-620,COCM_SRSL,2023-10-01T13:37:00,Stuff,"(17.08, 1.49)",0.84
09911cdc-867,TRK-446,COCM_SRSL,2023-10-01T13:46:00,Client,"(20.17, 2.79)",0.86
8d26acdb-991,TRK-161,COCM_SRSL,2023-10-01T13:54:00,Client,"(17.73, 0.79)",0.93
97da2413-34a,TRK-946,COCM_SRSL,2023-10-01T14:04:00,Client,"(17.46, 0.67)",0.88
246bb846-933,TRK-660,COCM_SRSL,2023-10-01T14:11:00,Client,"(17.58, 2.65)",0.78
1592eb2e-ba9,TRK-904,COCM_SRSL,2023-10-01T14:16:00,Client,"(19.89, 2.6)",0.82
b818b4c7-578,TRK-771,COCM_SRSL,2023-10-01T14:26:00,Stuff,"(15.33, 2.51)",0.91
6a91c517-375,TRK-170,COCM_SRSL,2023-10-01T14:33:00,Stuff,"(19.91, 0.41)",0.88
b43763ac-076,TRK-401,COCM_SRSL,2023-10-01T14:38:00,Client,"(20.0, 2.47)",0.83
64c88655-205,TRK-441,COCM_SRSL,2023-10-01T14:47:00,Stuff,"(19.46, 1.55)",0.8
481eb3a0-a1b,TRK-896,COCM_SRSL,2023-10-01T14:53:00,Stuff,"(18.86, 0.69)",0.84
2ea65572-e79,TRK-496,COCM_SRSL,2023-10-01T15:02:00,Client,"(20.48, 1.24)",0.96
2af8ec25-282,TRK-544,FRCM_SRSL,2023-10-01T12:07:00,Client,"(8.27, 5.43)",0.76
98c8d377-4c0,TRK-448,FRCM_SRSL,2023-10-01T12:12:00,Client,"(13.08, 8.02)",0.82
a25dcd68-773,TRK-534,FRCM_SRSL,2023-10-01T12:20:00,Client,"(14.27, 8.33)",0.87
e9e54542-46c,TRK-283,FRCM_SRSL,2023-10-01T12:28:00,Client,"(9.75, 6.13)",0.85
866ffff0-d59,TRK-924,FRCM_SRSL,2023-10-01T12:34:00,Stuff,"(8.02, 8.98)",0.78
30599a0a-a56,TRK-235,FRCM_SRSL,2023-10-01T12:41:00,Client,"(10.99, 5.61)",0.73
375842af-1da,TRK-115,FRCM_SRSL,2023-10-01T12:48:00,Stuff,"(9.73, 9.36)",0.76
6ea01ebf-1f3,TRK-169,FRCM_SRSL,2023-10-01T12:53:00,Stuff,"(14.59, 9.51)",0.98
a89dc085-f95,TRK-568,FRCM_SRSL,2023-10-01T13:03:00,Client,"(13.56, 8.22)",0.96
57d2d681-27b,TRK-843,FRCM_SRSL,2023-10-01T13:13:00,Stuff,"(12.59, 6.68)",0.83
e56e13ce-63c,TRK-937,FRCM_SRSL,2023-10-01T13:18:00,Stuff,"(11.73, 5.82)",0.83
d99ea3ee-516,TRK-416,FRCM_SRSL,2023-10-01T13:28:00,Stuff,"(14.97, 5.95)",0.98
be9768a7-ffb,TRK-176,FRCM_SRSL,2023-10-01T13:35:00,Client,"(8.94, 8.07)",0.98
12574987-ae1,TRK-452,FRCM_SRSL,2023-10-01T13:44:00,Stuff,"(14.85, 5.86)",0.74
8fdfcc75-148,TRK-920,FRCM_SRSL,2023-10-01T13:50:00,Stuff,"(13.49, 7.27)",0.94
a0d1ba1b-707,TRK-557,FRCM_SRSL,2023-10-01T13:56:00,Client,"(14.14, 8.31)",0.72
ac6c383f-fd8,TRK-727,FRCM_SRSL,2023-10-01T14:06:00,Client,"(10.72, 6.02)",0.93
4c38e39e-fc7,TRK-585,FRCM_SRSL,2023-10-01T14:16:00,Stuff,"(8.92, 9.12)",0.98
1b05d460-65d,TRK-325,FRCM_SRSL,2023-10-01T14:22:00,Client,"(11.58, 5.86)",0.78
e77d17a6-b2a,TRK-415,FRCM_SRSL,2023-10-01T14:29:00,Client,"(7.99, 9.02)",0.95
2bdded8f-c84,TRK-284,FRCM_SRSL,2023-10-01T14:35:00,Stuff,"(13.09, 6.39)",0.82
aab9b1c1-c1e,TRK-273,FRCM_SRSL,2023-10-01T14:40:00,Stuff,"(13.7, 5.88)",0.73
79c0b25b-0a6,TRK-324,FRCM_SRSL,2023-10-01T14:46:00,Client,"(13.67, 6.71)",0.86
cd944c0a-cb4,TRK-395,FRCM_SRSL,2023-10-01T14:52:00,Client,"(14.65, 8.61)",0.95
