product_id,ticket_id,zone_id,name,category,price
fc22841e,TKT-42126,KD_SRAQ,Kids Winter Coat,Outerwear,45.0
07716a68,TKT-42126,MN_SRAQ,Men Basic T-Shirt,Tops,15.99
616ec10e,TKT-42126,WM_SRAQ,Women Wool Sweater,Tops,45.0
756f5416,TKT-42126,WM_SRAQ,Women Leather Jacket,Outerwear,120.0
831aa91c,TKT-62135,MN_SRBN,Men Chino Trousers,Bottoms,39.99
d9f3f16f,TKT-62135,WM_SRBN,Women Jeans,Bottoms,49.95
4faedf54,TKT-62135,WM_SRBN,Women Leather Jacket,Outerwear,120.0
83e39b0c,TKT-62135,KD_SRBN,Kids Graphic T-Shirt,Tops,12.5
eca5d7cf,TKT-50352,MN_SRCL,Men Basic T-Shirt,Tops,15.99
46ac4226,TKT-50352,MN_SRCL,Men Basic T-Shirt,Tops,15.99
4bbed861,TKT-49679,MN_SRCL,Men Chino Trousers,Bottoms,39.99
fcb2db0b,TKT-49679,MN_SRCL,Men Chino Trousers,Bottoms,39.99
59945c81,TKT-49679,KD_SRCL,Kids Pajama Set,Nightwear,22.5
3cfbed88,TKT-28566,MN_SRSL,Men Hoodie,Tops,45.0
575ff100,TKT-28566,KD_SRSL,Kids Pajama Set,Nightwear,22.5
8bbf7932,TKT-28566,WM_SRSL,Women Summer Dress,Dresses,35.5
5e243ce6,TKT-28566,MN_SRSL,Men Hoodie,Tops,45.0
e707edac,TKT-81331,WM_SRBN,Women Shirt,Tops,25.99
3318ef18,TKT-81331,WM_SRBN,Women Jeans,Bottoms,49.95
45890792,TKT-81331,KD_SRBN,Kids Denim Shorts,Bottoms,18.99
1594854d,TKT-63356,WM_SRCL,Women Jeans,Bottoms,49.95
80de19d4,TKT-63356,MN_SRCL,Men Denim Jacket,Outerwear,59.95
21c86309,TKT-63356,KD_SRCL,Kids Graphic T-Shirt,Tops,12.5
57052683,TKT-25385,KD_SRSL,Kids Denim Shorts,Bottoms,18.99
150a615f,TKT-13292,KD_SRBN,Kids Denim Shorts,Bottoms,18.99
e50b4653,TKT-13292,KD_SRBN,Kids Winter Coat,Outerwear,45.0
ef4dde14,TKT-13292,WM_SRBN,Women Summer Dress,Dresses,35.5
3843e00d,TKT-13292,MN_SRBN,Men Basic T-Shirt,Tops,15.99
91430bc5,TKT-13292,KD_SRBN,Kids Denim Shorts,Bottoms,18.99
7e203785,TKT-47436,MN_SRSL,Men Hoodie,Tops,45.0
c085bceb,TKT-47436,MN_SRSL,Men Chino Trousers,Bottoms,39.99
7e19db3e,TKT-47436,WM_SRSL,Women Shirt,Tops,25.99
b8285b7e,TKT-82883,KD_SRSL,Kids Graphic T-Shirt,Tops,12.5
3001bd89,TKT-82883,WM_SRSL,Women Leather Jacket,Outerwear,120.0
072c46e1,TKT-82883,MN_SRSL,Men Tailored Suit,Suits,250.0
72adbb73,TKT-82883,MN_SRSL,Men Hoodie,Tops,45.0
595d6594,TKT-82883,MN_SRSL,Men Basic T-Shirt,Tops,15.99
60f879ed,TKT-42008,WM_SRGV,Women Leather Jacket,Outerwear,120.0
f74e078e,TKT-42008,MN_SRGV,Men Basic T-Shirt,Tops,15.99
9c6d7816,TKT-42008,MN_SRGV,Men Hoodie,Tops,45.0
5bad0430,TKT-42008,WM_SRGV,Women Leather Jacket,Outerwear,120.0
09cb4db9,TKT-29895,MN_SRCL,Men Chino Trousers,Bottoms,39.99
f009e9c6,TKT-93042,MN_SRCL,Men Hoodie,Tops,45.0
c3aa5f07,TKT-93042,WM_SRCL,Women Wool Sweater,Tops,45.0
f961e762,TKT-93042,WM_SRCL,Women Shirt,Tops,25.99
af0924e2,TKT-93042,KD_SRCL,Kids Graphic T-Shirt,Tops,12.5
9cbed210,TKT-14858,MN_SRCL,Men Hoodie,Tops,45.0
8899a4c5,TKT-94354,WM_SRSL,Women Wool Sweater,Tops,45.0
8b25e7f4,TKT-94354,KD_SRSL,Kids Graphic T-Shirt,Tops,12.5
e35836a3,TKT-94354,KD_SRSL,Kids Pajama Set,Nightwear,22.5
46eb944d,TKT-94354,MN_SRSL,Men Denim Jacket,Outerwear,59.95
da59da5a,TKT-49580,KD_SRAQ,Kids Winter Coat,Outerwear,45.0
fabddaef,TKT-49580,KD_SRAQ,Kids Pajama Set,Nightwear,22.5
5dccef27,TKT-49580,MN_SRAQ,Men Basic T-Shirt,Tops,15.99
ddaab940,TKT-49580,MN_SRAQ,Men Chino Trousers,Bottoms,39.99
f08f7a13,TKT-49580,KD_SRAQ,Kids Winter Coat,Outerwear,45.0
200d49b9,TKT-33956,MN_SRAQ,Men Basic T-Shirt,Tops,15.99
3e7a1a92,TKT-17876,KD_SRGV,Kids Graphic T-Shirt,Tops,12.5
09328a5f,TKT-17876,KD_SRGV,Kids School Uniform,Sets,35.0
eff249c1,TKT-17876,KD_SRGV,Kids School Uniform,Sets,35.0
6fcacf4c,TKT-78596,MN_SRAQ,Men Hoodie,Tops,45.0
fa3c1e02,TKT-78596,KD_SRAQ,Kids Graphic T-Shirt,Tops,12.5
7ec38dc0,TKT-10228,MN_SRGV,Men Denim Jacket,Outerwear,59.95
f0a66872,TKT-10228,MN_SRGV,Men Chino Trousers,Bottoms,39.99
5bd4832a,TKT-10228,WM_SRGV,Women Summer Dress,Dresses,35.5
92dc760c,TKT-10228,WM_SRGV,Women Summer Dress,Dresses,35.5
3bede313,TKT-10228,KD_SRGV,Kids Pajama Set,Nightwear,22.5
24748767,TKT-79952,WM_SRBN,Women Jeans,Bottoms,49.95
45dc28c9,TKT-79952,WM_SRBN,Women Wool Sweater,Tops,45.0
1f19bd1a,TKT-79952,WM_SRBN,Women Wool Sweater,Tops,45.0
2dfb6d90,TKT-71206,KD_SRAQ,Kids Winter Coat,Outerwear,45.0
f1207626,TKT-71206,KD_SRAQ,Kids School Uniform,Sets,35.0
05c4437f,TKT-71206,MN_SRAQ,Men Tailored Suit,Suits,250.0
8e3fa33e,TKT-71206,WM_SRAQ,Women Leather Jacket,Outerwear,120.0
7b0b16ff,TKT-54061,MN_SRBN,Men Hoodie,Tops,45.0
44451dfe,TKT-54061,KD_SRBN,Kids Denim Shorts,Bottoms,18.99
ff75b232,TKT-54061,MN_SRBN,Men Basic T-Shirt,Tops,15.99
237d7ab4,TKT-54061,MN_SRBN,Men Denim Jacket,Outerwear,59.95
35bdf6c8,TKT-60952,MN_SRGV,Men Hoodie,Tops,45.0
ce29fc4d,TKT-60952,KD_SRGV,Kids Winter Coat,Outerwear,45.0
71ec8c7a,TKT-60952,KD_SRGV,Kids Denim Shorts,Bottoms,18.99
5b546d89,TKT-94213,WM_SRGV,Women Summer Dress,Dresses,35.5
2077d6d1,TKT-69299,WM_SRCL,Women Leather Jacket,Outerwear,120.0
ccbd453d,TKT-69299,MN_SRCL,Men Chino Trousers,Bottoms,39.99
f1e93701,TKT-69299,WM_SRCL,Women Wool Sweater,Tops,45.0
b12bb9ac,TKT-69299,WM_SRCL,Women Shirt,Tops,25.99
5383c9a7,TKT-69299,WM_SRCL,Women Wool Sweater,Tops,45.0
c1c04212,TKT-18683,KD_SRGV,Kids Denim Shorts,Bottoms,18.99
f3ce2c22,TKT-36122,KD_SRSL,Kids Winter Coat,Outerwear,45.0
da8538fd,TKT-55282,WM_SRBN,Women Shirt,Tops,25.99
1584f5b8,TKT-77284,MN_SRGV,Men Denim Jacket,Outerwear,59.95
8b01cc79,TKT-70188,KD_SRBN,Kids Pajama Set,Nightwear,22.5
2af511c6,TKT-70188,MN_SRBN,Men Hoodie,Tops,45.0
8defcb1a,TKT-70188,KD_SRBN,Kids Winter Coat,Outerwear,45.0
846c10a6,TKT-54517,KD_SRGV,Kids Winter Coat,Outerwear,45.0
b99479c8,TKT-99493,MN_SRSL,Men Chino Trousers,Bottoms,39.99
6eb031bb,TKT-99493,WM_SRSL,Women Jeans,Bottoms,49.95
f6544ad4,TKT-99493,KD_SRSL,Kids Winter Coat,Outerwear,45.0
0ecd3a71,TKT-11031,KD_SRGV,Kids Pajama Set,Nightwear,22.5
d6d13f15,TKT-11031,WM_SRGV,Women Shirt,Tops,25.99
c452aeca,TKT-43742,WM_SRSL,Women Wool Sweater,Tops,45.0
05d6ef8d,TKT-29757,KD_SRBN,Kids Graphic T-Shirt,Tops,12.5
39d494d2,TKT-29757,MN_SRBN,Men Tailored Suit,Suits,250.0
a4fb9547,TKT-16002,WM_SRAQ,Women Summer Dress,Dresses,35.5
1b564973,TKT-16002,KD_SRAQ,Kids Pajama Set,Nightwear,22.5
6e2f93ca,TKT-16002,MN_SRAQ,Men Basic T-Shirt,Tops,15.99
54957a66,TKT-36635,KD_SRCL,Kids School Uniform,Sets,35.0
db515b62,TKT-81086,KD_SRBN,Kids School Uniform,Sets,35.0
c42e1ece,TKT-81086,WM_SRBN,Women Shirt,Tops,25.99
f93aa81a,TKT-81086,WM_SRBN,Women Summer Dress,Dresses,35.5
22cce393,TKT-36698,KD_SRSL,Kids Denim Shorts,Bottoms,18.99
16e7b1e4,TKT-36698,KD_SRSL,Kids Graphic T-Shirt,Tops,12.5
21f7f0ca,TKT-36698,WM_SRSL,Women Leather Jacket,Outerwear,120.0
915b4808,TKT-36698,MN_SRSL,Men Tailored Suit,Suits,250.0
c08d36bf,TKT-62040,MN_SRAQ,Men Hoodie,Tops,45.0
34b2346d,TKT-62040,KD_SRAQ,Kids Denim Shorts,Bottoms,18.99
d354e6c0,TKT-97270,MN_SRGV,Men Denim Jacket,Outerwear,59.95
66f4f07d,TKT-70839,WM_SRBN,Women Summer Dress,Dresses,35.5
0baaa051,TKT-14310,MN_SRCL,Men Tailored Suit,Suits,250.0
c0618b95,TKT-82968,WM_SRCL,Women Summer Dress,Dresses,35.5
3b6fef08,TKT-82968,KD_SRCL,Kids School Uniform,Sets,35.0
ce0d1ecb,TKT-68281,KD_SRBN,Kids Graphic T-Shirt,Tops,12.5
fb063f94,TKT-68281,MN_SRBN,Men Chino Trousers,Bottoms,39.99
48ba9b80,TKT-68281,KD_SRBN,Kids Denim Shorts,Bottoms,18.99
c092d169,TKT-68281,KD_SRBN,Kids Pajama Set,Nightwear,22.5
c0ec8dea,TKT-68281,KD_SRBN,Kids Winter Coat,Outerwear,45.0
0f2b6d69,TKT-84536,KD_SRGV,Kids Pajama Set,Nightwear,22.5
b328253a,TKT-84536,MN_SRGV,Men Tailored Suit,Suits,250.0
cb06c57b,TKT-84536,WM_SRGV,Women Wool Sweater,Tops,45.0
89c0d13d,TKT-84536,MN_SRGV,Men Chino Trousers,Bottoms,39.99
cce3b6e5,TKT-84536,WM_SRGV,Women Leather Jacket,Outerwear,120.0
c70dc57d,TKT-11748,MN_SRCL,Men Basic T-Shirt,Tops,15.99
45db736a,TKT-11748,WM_SRCL,Women Jeans,Bottoms,49.95
c5971f6f,TKT-39222,KD_SRBN,Kids Graphic T-Shirt,Tops,12.5
491b6d92,TKT-39222,WM_SRBN,Women Wool Sweater,Tops,45.0
3c6cf0a8,TKT-39222,KD_SRBN,Kids Graphic T-Shirt,Tops,12.5
5445be9f,TKT-39222,MN_SRBN,Men Hoodie,Tops,45.0
d581ef53,TKT-31040,WM_SRBN,Women Shirt,Tops,25.99
ca459581,TKT-31040,KD_SRBN,Kids Denim Shorts,Bottoms,18.99
44f0d344,TKT-31040,KD_SRBN,Kids Graphic T-Shirt,Tops,12.5
7ac84c5a,TKT-79402,KD_SRCL,Kids Graphic T-Shirt,Tops,12.5
eb4a809c,TKT-79402,WM_SRCL,Women Shirt,Tops,25.99
f4b241f6,TKT-79402,MN_SRCL,Men Hoodie,Tops,45.0
5dcd07fa,TKT-52152,KD_SRGV,Kids Pajama Set,Nightwear,22.5
3a386959,TKT-52152,MN_SRGV,Men Hoodie,Tops,45.0
ff0ea175,TKT-52152,KD_SRGV,Kids Graphic T-Shirt,Tops,12.5
3a3a06d3,TKT-52152,KD_SRGV,Kids School Uniform,Sets,35.0
9369a41c,TKT-52152,WM_SRGV,Women Wool Sweater,Tops,45.0
15ff3da2,TKT-74782,WM_SRAQ,Women Shirt,Tops,25.99
ffdf98da,TKT-74782,KD_SRAQ,Kids Graphic T-Shirt,Tops,12.5
b4d637e2,TKT-74782,KD_SRAQ,Kids Winter Coat,Outerwear,45.0
e2e2f74a,TKT-62592,WM_SRSL,Women Summer Dress,Dresses,35.5
0cfde416,TKT-93790,KD_SRSL,Kids Pajama Set,Nightwear,22.5
84658385,TKT-93790,KD_SRSL,Kids School Uniform,Sets,35.0
43fb1634,TKT-93790,WM_SRSL,Women Wool Sweater,Tops,45.0
db68580b,TKT-93790,MN_SRSL,Men Hoodie,Tops,45.0
e4f61c8b,TKT-93790,WM_SRSL,Women Leather Jacket,Outerwear,120.0
55b1cb67,TKT-30861,MN_SRBN,Men Hoodie,Tops,45.0
a8dda910,TKT-30861,KD_SRBN,Kids Denim Shorts,Bottoms,18.99
cb134b78,TKT-30861,MN_SRBN,Men Basic T-Shirt,Tops,15.99
772537fe,TKT-30861,KD_SRBN,Kids Winter Coat,Outerwear,45.0
739e6a1f,TKT-30861,MN_SRBN,Men Tailored Suit,Suits,250.0
539639f6,TKT-91215,MN_SRBN,Men Chino Trousers,Bottoms,39.99
f4cad1a5,TKT-91215,MN_SRBN,Men Chino Trousers,Bottoms,39.99
aef1038f,TKT-91215,MN_SRBN,Men Basic T-Shirt,Tops,15.99
b26d2438,TKT-86080,KD_SRCL,Kids Pajama Set,Nightwear,22.5
edcc5a98,TKT-86080,MN_SRCL,Men Hoodie,Tops,45.0
799f826a,TKT-86080,KD_SRCL,Kids Graphic T-Shirt,Tops,12.5
3241ee87,TKT-86080,KD_SRCL,Kids Pajama Set,Nightwear,22.5
13feaa3a,TKT-55335,WM_SRSL,Women Jeans,Bottoms,49.95
43a05a72,TKT-52981,WM_SRSL,Women Leather Jacket,Outerwear,120.0
e8dd7a57,TKT-52981,WM_SRSL,Women Wool Sweater,Tops,45.0
01f2624b,TKT-67935,MN_SRBN,Men Chino Trousers,Bottoms,39.99
d12485b2,TKT-67935,WM_SRBN,Women Shirt,Tops,25.99
d7aa711b,TKT-22291,KD_SRGV,Kids Denim Shorts,Bottoms,18.99
0ca66e9d,TKT-22291,WM_SRGV,Women Leather Jacket,Outerwear,120.0
370e92c5,TKT-52883,MN_SRBN,Men Denim Jacket,Outerwear,59.95
a6cab504,TKT-81722,MN_SRSL,Men Denim Jacket,Outerwear,59.95
4ca41e87,TKT-81722,KD_SRSL,Kids Winter Coat,Outerwear,45.0
a5a81d71,TKT-75850,WM_SRCL,Women Summer Dress,Dresses,35.5
b266f972,TKT-75850,WM_SRCL,Women Leather Jacket,Outerwear,120.0
8f3f0f63,TKT-75850,KD_SRCL,Kids School Uniform,Sets,35.0
5924bbc6,TKT-75850,MN_SRCL,Men Basic T-Shirt,Tops,15.99
5091b041,TKT-75850,MN_SRCL,Men Tailored Suit,Suits,250.0
393c9398,TKT-93338,WM_SRAQ,Women Shirt,Tops,25.99
04b04ef3,TKT-93338,WM_SRAQ,Women Jeans,Bottoms,49.95
daaaf2b8,TKT-11705,WM_SRAQ,Women Jeans,Bottoms,49.95
b9a8060d,TKT-11705,KD_SRAQ,Kids School Uniform,Sets,35.0
3d6c7306,TKT-11705,MN_SRAQ,Men Basic T-Shirt,Tops,15.99
60dac12e,TKT-11705,WM_SRAQ,Women Shirt,Tops,25.99
8c872714,TKT-90133,WM_SRAQ,Women Shirt,Tops,25.99
d94e0e3a,TKT-90133,WM_SRAQ,Women Shirt,Tops,25.99
cdc779a2,TKT-32664,WM_SRAQ,Women Jeans,Bottoms,49.95
c58fbe66,TKT-32664,MN_SRAQ,Men Hoodie,Tops,45.0
143d3d20,TKT-32664,MN_SRAQ,Men Chino Trousers,Bottoms,39.99
d5767f1d,TKT-32664,KD_SRAQ,Kids Pajama Set,Nightwear,22.5
7cfce05f,TKT-51516,MN_SRGV,Men Chino Trousers,Bottoms,39.99
80ac058a,TKT-51516,KD_SRGV,Kids School Uniform,Sets,35.0
5aa868f4,TKT-51516,MN_SRGV,Men Tailored Suit,Suits,250.0
69a6aa41,TKT-51516,KD_SRGV,Kids School Uniform,Sets,35.0
4acd5432,TKT-98841,KD_SRGV,Kids Graphic T-Shirt,Tops,12.5
cee92921,TKT-98841,KD_SRGV,Kids Denim Shorts,Bottoms,18.99
3d9512a2,TKT-32401,WM_SRBN,Women Leather Jacket,Outerwear,120.0
e9238a70,TKT-86272,MN_SRAQ,Men Tailored Suit,Suits,250.0
bf3f166f,TKT-91011,MN_SRBN,Men Hoodie,Tops,45.0
d34f16ad,TKT-91011,WM_SRBN,Women Jeans,Bottoms,49.95
11bc2037,TKT-91011,MN_SRBN,Men Chino Trousers,Bottoms,39.99
492d9153,TKT-91011,MN_SRBN,Men Tailored Suit,Suits,250.0
875c1854,TKT-91011,MN_SRBN,Men Chino Trousers,Bottoms,39.99
b31fe5fd,TKT-68181,WM_SRGV,Women Jeans,Bottoms,49.95
c8d4c647,TKT-68181,WM_SRGV,Women Jeans,Bottoms,49.95
b2e753a5,TKT-56011,WM_SRSL,Women Jeans,Bottoms,49.95
9c1a3049,TKT-56011,WM_SRSL,Women Jeans,Bottoms,49.95
1b85bff3,TKT-56011,WM_SRSL,Women Jeans,Bottoms,49.95
dbcf6df9,TKT-56011,KD_SRSL,Kids Graphic T-Shirt,Tops,12.5
e3182d6e,TKT-56011,MN_SRSL,Men Denim Jacket,Outerwear,59.95
2079e40e,TKT-62134,KD_SRCL,Kids Winter Coat,Outerwear,45.0
4e199ae9,TKT-62134,KD_SRCL,Kids School Uniform,Sets,35.0
e61c8a48,TKT-62134,WM_SRCL,Women Shirt,Tops,25.99
f7e9e181,TKT-62134,MN_SRCL,Men Denim Jacket,Outerwear,59.95
200e3180,TKT-62134,KD_SRCL,Kids Pajama Set,Nightwear,22.5
9704b67a,TKT-79027,KD_SRSL,Kids Graphic T-Shirt,Tops,12.5
5796406f,TKT-41258,MN_SRAQ,Men Tailored Suit,Suits,250.0
70658f30,TKT-41258,MN_SRAQ,Men Chino Trousers,Bottoms,39.99
b0425372,TKT-21079,MN_SRSL,Men Basic T-Shirt,Tops,15.99
fcd104b2,TKT-21079,MN_SRSL,Men Basic T-Shirt,Tops,15.99
4d37909b,TKT-21079,MN_SRSL,Men Chino Trousers,Bottoms,39.99
fdec1d80,TKT-21079,KD_SRSL,Kids Pajama Set,Nightwear,22.5
d5316492,TKT-21079,MN_SRSL,Men Hoodie,Tops,45.0
bd444f95,TKT-32928,KD_SRBN,Kids Graphic T-Shirt,Tops,12.5
cfedfbbc,TKT-32928,MN_SRBN,Men Chino Trousers,Bottoms,39.99
085255e2,TKT-16581,WM_SRCL,Women Wool Sweater,Tops,45.0
6b0902b3,TKT-16581,WM_SRCL,Women Summer Dress,Dresses,35.5
0b64d110,TKT-16581,KD_SRCL,Kids School Uniform,Sets,35.0
4763d5e7,TKT-16581,WM_SRCL,Women Wool Sweater,Tops,45.0
3169931f,TKT-16581,WM_SRCL,Women Shirt,Tops,25.99
730a18c9,TKT-61104,MN_SRAQ,Men Basic T-Shirt,Tops,15.99
b8970f3c,TKT-61104,KD_SRAQ,Kids Pajama Set,Nightwear,22.5
b61e7c56,TKT-61104,KD_SRAQ,Kids Graphic T-Shirt,Tops,12.5
af50803a,TKT-61104,MN_SRAQ,Men Chino Trousers,Bottoms,39.99
2b988a15,TKT-61104,MN_SRAQ,Men Basic T-Shirt,Tops,15.99
a46aa561,TKT-58370,WM_SRGV,Women Jeans,Bottoms,49.95
49de6bb4,TKT-58370,KD_SRGV,Kids Denim Shorts,Bottoms,18.99
f074d23c,TKT-97075,KD_SRSL,Kids Winter Coat,Outerwear,45.0
a6f22acc,TKT-78555,KD_SRGV,Kids Winter Coat,Outerwear,45.0
dc89208a,TKT-33831,WM_SRSL,Women Shirt,Tops,25.99
040e7c6b,TKT-89824,MN_SRCL,Men Chino Trousers,Bottoms,39.99
398b7346,TKT-89824,KD_SRCL,Kids School Uniform,Sets,35.0
59441809,TKT-58735,WM_SRGV,Women Leather Jacket,Outerwear,120.0
e282583f,TKT-58735,WM_SRGV,Women Shirt,Tops,25.99
482da9cf,TKT-58735,MN_SRGV,Men Hoodie,Tops,45.0
7d3537f3,TKT-58735,WM_SRGV,Women Leather Jacket,Outerwear,120.0
1e564e61,TKT-58735,MN_SRGV,Men Basic T-Shirt,Tops,15.99
4887696d,TKT-75248,MN_SRGV,Men Tailored Suit,Suits,250.0
99933414,TKT-75248,WM_SRGV,Women Summer Dress,Dresses,35.5
e880d1c3,TKT-75248,KD_SRGV,Kids Graphic T-Shirt,Tops,12.5
75d8e6d7,TKT-75248,MN_SRGV,Men Hoodie,Tops,45.0
df594ff6,TKT-95331,WM_SRGV,Women Shirt,Tops,25.99
c12f5140,TKT-44843,KD_SRBN,Kids Graphic T-Shirt,Tops,12.5
6a0fb8ea,TKT-44843,WM_SRBN,Women Shirt,Tops,25.99
83e9550a,TKT-44843,WM_SRBN,Women Summer Dress,Dresses,35.5
2c94c728,TKT-44843,WM_SRBN,Women Wool Sweater,Tops,45.0
366e29d0,TKT-44843,MN_SRBN,Men Chino Trousers,Bottoms,39.99
8372d8e8,TKT-58208,MN_SRAQ,Men Hoodie,Tops,45.0
6492c473,TKT-37872,KD_SRCL,Kids Denim Shorts,Bottoms,18.99
b9f9d175,TKT-37872,MN_SRCL,Men Chino Trousers,Bottoms,39.99
da01afd5,TKT-20695,WM_SRGV,Women Shirt,Tops,25.99
18166cc3,TKT-20695,KD_SRGV,Kids Graphic T-Shirt,Tops,12.5
8b466f45,TKT-24395,MN_SRAQ,Men Denim Jacket,Outerwear,59.95
298e2c5c,TKT-79800,KD_SRGV,Kids Denim Shorts,Bottoms,18.99
cddc0955,TKT-79800,WM_SRGV,Women Leather Jacket,Outerwear,120.0
fdda5da2,TKT-79800,KD_SRGV,Kids School Uniform,Sets,35.0
6f4bd33a,TKT-79800,WM_SRGV,Women Jeans,Bottoms,49.95
7720f115,TKT-31618,KD_SRBN,Kids Denim Shorts,Bottoms,18.99
7701243b,TKT-31618,KD_SRBN,Kids Winter Coat,Outerwear,45.0
2e04bbe0,TKT-31618,KD_SRBN,Kids Pajama Set,Nightwear,22.5
8c116e13,TKT-31618,KD_SRBN,Kids Denim Shorts,Bottoms,18.99
66a0277a,TKT-59121,WM_SRSL,Women Summer Dress,Dresses,35.5
b108f515,TKT-59121,KD_SRSL,Kids Pajama Set,Nightwear,22.5
192b4c28,TKT-59121,KD_SRSL,Kids Denim Shorts,Bottoms,18.99
a021c996,TKT-94571,WM_SRCL,Women Shirt,Tops,25.99
366479ac,TKT-94571,WM_SRCL,Women Jeans,Bottoms,49.95
9bad9dd7,TKT-94571,KD_SRCL,Kids Pajama Set,Nightwear,22.5
3177a04c,TKT-33958,KD_SRAQ,Kids Denim Shorts,Bottoms,18.99
821d50a6,TKT-33958,WM_SRAQ,Women Wool Sweater,Tops,45.0
8f7004bf,TKT-25750,WM_SRSL,Women Shirt,Tops,25.99
3a8ef36a,TKT-25750,MN_SRSL,Men Denim Jacket,Outerwear,59.95
549b1521,TKT-64716,WM_SRCL,Women Leather Jacket,Outerwear,120.0
cbaf78f1,TKT-64716,WM_SRCL,Women Summer Dress,Dresses,35.5
5979b8b8,TKT-64716,MN_SRCL,Men Basic T-Shirt,Tops,15.99
1c132859,TKT-83454,WM_SRAQ,Women Wool Sweater,Tops,45.0
cda68ee5,TKT-83454,KD_SRAQ,Kids Graphic T-Shirt,Tops,12.5
5034a454,TKT-83454,WM_SRAQ,Women Summer Dress,Dresses,35.5
b002de96,TKT-11049,KD_SRCL,Kids Winter Coat,Outerwear,45.0
72b156f1,TKT-56521,KD_SRBN,Kids Graphic T-Shirt,Tops,12.5
c9a52246,TKT-70384,KD_SRAQ,Kids Winter Coat,Outerwear,45.0
9aea7bb5,TKT-70384,WM_SRAQ,Women Leather Jacket,Outerwear,120.0
ac407042,TKT-70384,KD_SRAQ,Kids Graphic T-Shirt,Tops,12.5
fc5df0d2,TKT-70384,MN_SRAQ,Men Basic T-Shirt,Tops,15.99
ae2233c7,TKT-70384,MN_SRAQ,Men Hoodie,Tops,45.0
567ab069,TKT-19009,KD_SRAQ,Kids Pajama Set,Nightwear,22.5
7767017c,TKT-19009,WM_SRAQ,Women Leather Jacket,Outerwear,120.0
2800c818,TKT-19009,WM_SRAQ,Women Shirt,Tops,25.99
e8f8326e,TKT-19009,KD_SRAQ,Kids Winter Coat,Outerwear,45.0
8c84b641,TKT-76839,WM_SRGV,Women Leather Jacket,Outerwear,120.0
d17a8c6f,TKT-76839,KD_SRGV,Kids Pajama Set,Nightwear,22.5
ee524de8,TKT-76839,MN_SRGV,Men Chino Trousers,Bottoms,39.99
ff05cd18,TKT-76839,MN_SRGV,Men Hoodie,Tops,45.0
64845c4d,TKT-23973,KD_SRCL,Kids Pajama Set,Nightwear,22.5
99ecb3d2,TKT-23973,KD_SRCL,Kids Pajama Set,Nightwear,22.5
b1647a38,TKT-23973,KD_SRCL,Kids Denim Shorts,Bottoms,18.99
82857afa,TKT-23973,MN_SRCL,Men Chino Trousers,Bottoms,39.99
0128e9f6,TKT-23973,WM_SRCL,Women Wool Sweater,Tops,45.0
fd13d021,TKT-87606,MN_SRAQ,Men Chino Trousers,Bottoms,39.99
69fc3382,TKT-87606,WM_SRAQ,Women Summer Dress,Dresses,35.5
5c1858d3,TKT-87606,KD_SRAQ,Kids School Uniform,Sets,35.0
d692ec68,TKT-22466,MN_SRGV,Men Denim Jacket,Outerwear,59.95
935cef69,TKT-22466,WM_SRGV,Women Leather Jacket,Outerwear,120.0
946453a5,TKT-22466,MN_SRGV,Men Denim Jacket,Outerwear,59.95
3a6bc017,TKT-22466,WM_SRGV,Women Shirt,Tops,25.99
7deda542,TKT-50823,WM_SRBN,Women Wool Sweater,Tops,45.0
1b3f1aba,TKT-50823,MN_SRBN,Men Tailored Suit,Suits,250.0
e1755487,TKT-50823,KD_SRBN,Kids Winter Coat,Outerwear,45.0
ff377ade,TKT-65279,MN_SRCL,Men Tailored Suit,Suits,250.0
cf9f3d7a,TKT-65279,KD_SRCL,Kids Winter Coat,Outerwear,45.0
ff122164,TKT-65279,MN_SRCL,Men Basic T-Shirt,Tops,15.99
61d93d67,TKT-65279,MN_SRCL,Men Basic T-Shirt,Tops,15.99
4beae333,TKT-65279,WM_SRCL,Women Wool Sweater,Tops,45.0
d2c0eefa,TKT-47629,MN_SRGV,Men Chino Trousers,Bottoms,39.99
dd5718b4,TKT-47629,WM_SRGV,Women Shirt,Tops,25.99
ce9c5a73,TKT-47629,WM_SRGV,Women Shirt,Tops,25.99
7946497e,TKT-84210,KD_SRSL,Kids Graphic T-Shirt,Tops,12.5
5ef73c64,TKT-95637,MN_SRAQ,Men Tailored Suit,Suits,250.0
b679566e,TKT-95637,WM_SRAQ,Women Leather Jacket,Outerwear,120.0
ec1f7687,TKT-95637,MN_SRAQ,Men Tailored Suit,Suits,250.0
b2afc02e,TKT-95637,MN_SRAQ,Men Chino Trousers,Bottoms,39.99
741b132d,TKT-34432,WM_SRBN,Women Shirt,Tops,25.99
b7f17ec2,TKT-34432,KD_SRBN,Kids Pajama Set,Nightwear,22.5
91b63742,TKT-34432,MN_SRBN,Men Hoodie,Tops,45.0
69ffa80b,TKT-77380,KD_SRGV,Kids Pajama Set,Nightwear,22.5
189d64a0,TKT-77380,MN_SRGV,Men Denim Jacket,Outerwear,59.95
bac0d1e4,TKT-77380,KD_SRGV,Kids Pajama Set,Nightwear,22.5
e96ba4c3,TKT-77380,KD_SRGV,Kids Winter Coat,Outerwear,45.0
008f0fbb,TKT-59550,KD_SRGV,Kids School Uniform,Sets,35.0
88aad7d9,TKT-59550,MN_SRGV,Men Hoodie,Tops,45.0
6c49ecd0,TKT-59550,MN_SRGV,Men Tailored Suit,Suits,250.0
1bf7a3fa,TKT-59550,WM_SRGV,Women Shirt,Tops,25.99
6061cf93,TKT-59550,WM_SRGV,Women Shirt,Tops,25.99
58805e9f,TKT-90186,MN_SRAQ,Men Denim Jacket,Outerwear,59.95
52c5ebbb,TKT-70875,KD_SRBN,Kids Graphic T-Shirt,Tops,12.5
061d6041,TKT-70875,MN_SRBN,Men Hoodie,Tops,45.0
928d3180,TKT-70875,MN_SRBN,Men Basic T-Shirt,Tops,15.99
3b111b6a,TKT-70875,WM_SRBN,Women Jeans,Bottoms,49.95
91b8bfcd,TKT-99834,WM_SRSL,Women Leather Jacket,Outerwear,120.0
41104b00,TKT-99834,KD_SRSL,Kids School Uniform,Sets,35.0
5523e179,TKT-54417,MN_SRCL,Men Basic T-Shirt,Tops,15.99
09396363,TKT-54417,WM_SRCL,Women Summer Dress,Dresses,35.5
583d0fd8,TKT-54417,KD_SRCL,Kids Pajama Set,Nightwear,22.5
c178571b,TKT-54417,KD_SRCL,Kids Graphic T-Shirt,Tops,12.5
de5d2973,TKT-54417,KD_SRCL,Kids Graphic T-Shirt,Tops,12.5
d50f4c5e,TKT-75937,WM_SRCL,Women Summer Dress,Dresses,35.5
b968fc76,TKT-75937,WM_SRCL,Women Shirt,Tops,25.99
553c1a9f,TKT-75937,MN_SRCL,Men Hoodie,Tops,45.0
820098e8,TKT-75937,MN_SRCL,Men Tailored Suit,Suits,250.0
d14ac673,TKT-23911,KD_SRAQ,Kids Graphic T-Shirt,Tops,12.5
3dab2dcf,TKT-23911,MN_SRAQ,Men Tailored Suit,Suits,250.0
02b4325a,TKT-23911,KD_SRAQ,Kids Pajama Set,Nightwear,22.5
52319d77,TKT-71123,KD_SRSL,Kids Winter Coat,Outerwear,45.0
ae151c5a,TKT-69770,MN_SRBN,Men Tailored Suit,Suits,250.0
d6a6b4d8,TKT-69770,KD_SRBN,Kids Winter Coat,Outerwear,45.0
02074f3c,TKT-69770,WM_SRBN,Women Leather Jacket,Outerwear,120.0
3075fa4c,TKT-17712,WM_SRAQ,Women Leather Jacket,Outerwear,120.0
45bc6e8d,TKT-17712,KD_SRAQ,Kids Denim Shorts,Bottoms,18.99
508f3c59,TKT-17712,KD_SRAQ,Kids Denim Shorts,Bottoms,18.99
a8a4faf7,TKT-29732,KD_SRSL,Kids Pajama Set,Nightwear,22.5
223840af,TKT-29732,WM_SRSL,Women Jeans,Bottoms,49.95
19b2f3ed,TKT-29732,WM_SRSL,Women Leather Jacket,Outerwear,120.0
fe541b21,TKT-29732,MN_SRSL,Men Chino Trousers,Bottoms,39.99
1e46a678,TKT-18976,KD_SRSL,Kids Pajama Set,Nightwear,22.5
8bff7c37,TKT-18976,WM_SRSL,Women Jeans,Bottoms,49.95
0bfcdd49,TKT-18976,MN_SRSL,Men Tailored Suit,Suits,250.0
9f07aad8,TKT-18976,MN_SRSL,Men Tailored Suit,Suits,250.0
90b3a645,TKT-18976,MN_SRSL,Men Tailored Suit,Suits,250.0
262d34c3,TKT-50430,WM_SRAQ,Women Wool Sweater,Tops,45.0
bed87e7c,TKT-50430,KD_SRAQ,Kids Graphic T-Shirt,Tops,12.5
4545d20d,TKT-50430,WM_SRAQ,Women Wool Sweater,Tops,45.0
cd3fe68b,TKT-50430,KD_SRAQ,Kids Pajama Set,Nightwear,22.5
b3d207aa,TKT-78037,WM_SRSL,Women Wool Sweater,Tops,45.0
9fad6ee7,TKT-78037,KD_SRSL,Kids Graphic T-Shirt,Tops,12.5
fe76037d,TKT-78037,KD_SRSL,Kids Winter Coat,Outerwear,45.0
83b71ce5,TKT-78037,MN_SRSL,Men Hoodie,Tops,45.0
990aa9b8,TKT-78037,MN_SRSL,Men Chino Trousers,Bottoms,39.99
1bd34c1b,TKT-90816,MN_SRCL,Men Hoodie,Tops,45.0
4531462c,TKT-90816,MN_SRCL,Men Hoodie,Tops,45.0
5f2f067d,TKT-90816,KD_SRCL,Kids Winter Coat,Outerwear,45.0
274995d1,TKT-90816,MN_SRCL,Men Basic T-Shirt,Tops,15.99
57a5b7a5,TKT-41886,WM_SRCL,Women Jeans,Bottoms,49.95
a25d9982,TKT-41886,WM_SRCL,Women Jeans,Bottoms,49.95
84e4728b,TKT-41886,WM_SRCL,Women Shirt,Tops,25.99
250e8679,TKT-41886,WM_SRCL,Women Summer Dress,Dresses,35.5
d8266275,TKT-31975,MN_SRBN,Men Hoodie,Tops,45.0
233625b0,TKT-31975,MN_SRBN,Men Hoodie,Tops,45.0
869da13e,TKT-91745,WM_SRBN,Women Wool Sweater,Tops,45.0
6b3a635a,TKT-91745,WM_SRBN,Women Leather Jacket,Outerwear,120.0
5c75e73a,TKT-91745,MN_SRBN,Men Hoodie,Tops,45.0
4b31c0cd,TKT-91745,MN_SRBN,Men Basic T-Shirt,Tops,15.99
8c9fcdd5,TKT-13681,WM_SRCL,Women Jeans,Bottoms,49.95
4a7ec21a,TKT-13681,MN_SRCL,Men Denim Jacket,Outerwear,59.95
862dcb4a,TKT-29064,WM_SRGV,Women Wool Sweater,Tops,45.0
ebc230c0,TKT-35074,MN_SRSL,Men Chino Trousers,Bottoms,39.99
d63c33fd,TKT-35074,MN_SRSL,Men Basic T-Shirt,Tops,15.99
26a0f672,TKT-35074,KD_SRSL,Kids Denim Shorts,Bottoms,18.99
7563c241,TKT-99450,MN_SRBN,Men Denim Jacket,Outerwear,59.95
5ab7cc6b,TKT-99450,MN_SRBN,Men Chino Trousers,Bottoms,39.99
fdaf06b8,TKT-99450,WM_SRBN,Women Leather Jacket,Outerwear,120.0
12cc4612,TKT-32561,WM_SRAQ,Women Wool Sweater,Tops,45.0
c060a29c,TKT-32561,KD_SRAQ,Kids Graphic T-Shirt,Tops,12.5
ead1011b,TKT-32561,KD_SRAQ,Kids Winter Coat,Outerwear,45.0
7f910a0a,TKT-32561,WM_SRAQ,Women Shirt,Tops,25.99
9223da7c,TKT-73549,MN_SRBN,Men Basic T-Shirt,Tops,15.99
8aa08d40,TKT-73549,MN_SRBN,Men Hoodie,Tops,45.0
9f563351,TKT-73549,WM_SRBN,Women Summer Dress,Dresses,35.5
86a8e65a,TKT-18996,WM_SRGV,Women Jeans,Bottoms,49.95
c0ab149e,TKT-18996,KD_SRGV,Kids Graphic T-Shirt,Tops,12.5
3a6c10c9,TKT-18996,WM_SRGV,Women Shirt,Tops,25.99
e1ec267e,TKT-59563,KD_SRCL,Kids School Uniform,Sets,35.0
b2d90c92,TKT-59732,MN_SRAQ,Men Denim Jacket,Outerwear,59.95
ef870c25,TKT-59732,WM_SRAQ,Women Leather Jacket,Outerwear,120.0
b2bfd144,TKT-59732,MN_SRAQ,Men Chino Trousers,Bottoms,39.99
2735b34b,TKT-59732,KD_SRAQ,Kids Winter Coat,Outerwear,45.0
2e778180,TKT-61338,KD_SRSL,Kids Pajama Set,Nightwear,22.5
05804ff4,TKT-61338,MN_SRSL,Men Tailored Suit,Suits,250.0
b5204f3a,TKT-61338,MN_SRSL,Men Tailored Suit,Suits,250.0
7c4f086d,TKT-61338,KD_SRSL,Kids School Uniform,Sets,35.0
e4566b49,TKT-61338,MN_SRSL,Men Hoodie,Tops,45.0
fca2e9a9,TKT-68841,KD_SRBN,Kids Winter Coat,Outerwear,45.0
7a44793a,TKT-48017,MN_SRCL,Men Denim Jacket,Outerwear,59.95
9450f173,TKT-48017,WM_SRCL,Women Jeans,Bottoms,49.95
d6b41263,TKT-48017,MN_SRCL,Men Denim Jacket,Outerwear,59.95
c82b5e52,TKT-18147,KD_SRCL,Kids Graphic T-Shirt,Tops,12.5
10ed14bd,TKT-18147,KD_SRCL,Kids Graphic T-Shirt,Tops,12.5
ddfd0736,TKT-18147,KD_SRCL,Kids Winter Coat,Outerwear,45.0
f363bbde,TKT-18147,KD_SRCL,Kids Denim Shorts,Bottoms,18.99
43ec9165,TKT-18147,WM_SRCL,Women Wool Sweater,Tops,45.0
f8937060,TKT-82441,MN_SRAQ,Men Basic T-Shirt,Tops,15.99
887c1710,TKT-59847,MN_SRCL,Men Basic T-Shirt,Tops,15.99
7c3d6516,TKT-59847,KD_SRCL,Kids Pajama Set,Nightwear,22.5
914b3702,TKT-59847,WM_SRCL,Women Summer Dress,Dresses,35.5
910233ca,TKT-59847,MN_SRCL,Men Hoodie,Tops,45.0
d0e87a78,TKT-59847,KD_SRCL,Kids Graphic T-Shirt,Tops,12.5
75312dd2,TKT-31174,WM_SRCL,Women Wool Sweater,Tops,45.0
67049b39,TKT-31174,KD_SRCL,Kids Winter Coat,Outerwear,45.0
7d6317c0,TKT-82264,WM_SRGV,Women Leather Jacket,Outerwear,120.0
b553100a,TKT-82264,MN_SRGV,Men Chino Trousers,Bottoms,39.99
0d042b63,TKT-82264,KD_SRGV,Kids Winter Coat,Outerwear,45.0
b0b111ae,TKT-82264,KD_SRGV,Kids Pajama Set,Nightwear,22.5
3886e347,TKT-82264,WM_SRGV,Women Jeans,Bottoms,49.95
cdfc54ff,TKT-79629,KD_SRCL,Kids Graphic T-Shirt,Tops,12.5
c3405259,TKT-79629,MN_SRCL,Men Basic T-Shirt,Tops,15.99
9ad9f6d3,TKT-79629,KD_SRCL,Kids Winter Coat,Outerwear,45.0
90244ed5,TKT-79629,MN_SRCL,Men Hoodie,Tops,45.0
4b83b64b,TKT-21926,WM_SRCL,Women Leather Jacket,Outerwear,120.0
11338d23,TKT-21926,MN_SRCL,Men Denim Jacket,Outerwear,59.95
02f824f7,TKT-21926,KD_SRCL,Kids Winter Coat,Outerwear,45.0
bc0ed3d5,TKT-21926,KD_SRCL,Kids School Uniform,Sets,35.0
cdf1c13b,TKT-83274,KD_SRCL,Kids School Uniform,Sets,35.0
b6220777,TKT-83274,MN_SRCL,Men Basic T-Shirt,Tops,15.99
d3736a8d,TKT-83274,WM_SRCL,Women Wool Sweater,Tops,45.0
33924cf0,TKT-83274,WM_SRCL,Women Summer Dress,Dresses,35.5
81d1b050,TKT-83274,KD_SRCL,Kids Graphic T-Shirt,Tops,12.5
a51b4a58,TKT-17475,KD_SRAQ,Kids Winter Coat,Outerwear,45.0
1360dee7,TKT-17475,WM_SRAQ,Women Shirt,Tops,25.99
3b511b5f,TKT-17475,KD_SRAQ,Kids Pajama Set,Nightwear,22.5
f1f1f838,TKT-17475,MN_SRAQ,Men Tailored Suit,Suits,250.0
e40ded01,TKT-17475,KD_SRAQ,Kids Denim Shorts,Bottoms,18.99
4c820e13,TKT-41052,WM_SRCL,Women Wool Sweater,Tops,45.0
748af935,TKT-41052,KD_SRCL,Kids Denim Shorts,Bottoms,18.99
94807c6d,TKT-41052,WM_SRCL,Women Wool Sweater,Tops,45.0
b8a5b7c2,TKT-41497,WM_SRCL,Women Summer Dress,Dresses,35.5
c442cf38,TKT-41497,WM_SRCL,Women Wool Sweater,Tops,45.0
4c0b255f,TKT-48149,KD_SRSL,Kids Pajama Set,Nightwear,22.5
1627cb26,TKT-48149,WM_SRSL,Women Jeans,Bottoms,49.95
6a8b5e08,TKT-48149,MN_SRSL,Men Basic T-Shirt,Tops,15.99
554a8a21,TKT-48149,KD_SRSL,Kids School Uniform,Sets,35.0
b210dd23,TKT-14132,MN_SRGV,Men Denim Jacket,Outerwear,59.95
0428cad3,TKT-65410,WM_SRCL,Women Summer Dress,Dresses,35.5
1a963f4c,TKT-65410,WM_SRCL,Women Leather Jacket,Outerwear,120.0
9ed3ec04,TKT-65410,KD_SRCL,Kids Denim Shorts,Bottoms,18.99
4bfaee43,TKT-16635,MN_SRBN,Men Chino Trousers,Bottoms,39.99
091bd380,TKT-16635,WM_SRBN,Women Shirt,Tops,25.99
bf2559cf,TKT-16635,KD_SRBN,Kids School Uniform,Sets,35.0
771e858c,TKT-17455,MN_SRBN,Men Denim Jacket,Outerwear,59.95
93bef1f0,TKT-17455,MN_SRBN,Men Tailored Suit,Suits,250.0
70a4d9e3,TKT-17455,WM_SRBN,Women Wool Sweater,Tops,45.0
0cea4972,TKT-17455,MN_SRBN,Men Chino Trousers,Bottoms,39.99
0f2e4484,TKT-17455,MN_SRBN,Men Denim Jacket,Outerwear,59.95
567abb21,TKT-67810,MN_SRCL,Men Hoodie,Tops,45.0
053602cf,TKT-67810,WM_SRCL,Women Shirt,Tops,25.99
6406789e,TKT-67810,WM_SRCL,Women Wool Sweater,Tops,45.0
12ed36e8,TKT-67810,WM_SRCL,Women Leather Jacket,Outerwear,120.0
aef33203,TKT-81745,MN_SRBN,Men Denim Jacket,Outerwear,59.95
6f1b5bc5,TKT-81745,WM_SRBN,Women Leather Jacket,Outerwear,120.0
ba36f0d2,TKT-47416,KD_SRAQ,Kids Denim Shorts,Bottoms,18.99
4ffb7174,TKT-47416,KD_SRAQ,Kids Graphic T-Shirt,Tops,12.5
33a96808,TKT-47416,WM_SRAQ,Women Jeans,Bottoms,49.95
5e3b4ee5,TKT-47416,WM_SRAQ,Women Jeans,Bottoms,49.95
31b05a47,TKT-16245,KD_SRSL,Kids Graphic T-Shirt,Tops,12.5
4e4353f8,TKT-16245,MN_SRSL,Men Hoodie,Tops,45.0
3c3bad1e,TKT-50472,WM_SRAQ,Women Leather Jacket,Outerwear,120.0
294e4504,TKT-50472,WM_SRAQ,Women Jeans,Bottoms,49.95
7db0a80b,TKT-50472,WM_SRAQ,Women Wool Sweater,Tops,45.0
ac45a566,TKT-50472,KD_SRAQ,Kids Winter Coat,Outerwear,45.0
e20c1582,TKT-52398,WM_SRBN,Women Jeans,Bottoms,49.95
84d23080,TKT-52398,WM_SRBN,Women Shirt,Tops,25.99
34c67b1e,TKT-52398,KD_SRBN,Kids School Uniform,Sets,35.0
f27d9b03,TKT-52398,MN_SRBN,Men Hoodie,Tops,45.0
5c4bcf57,TKT-88417,KD_SRCL,Kids Denim Shorts,Bottoms,18.99
c27becf8,TKT-88417,WM_SRCL,Women Jeans,Bottoms,49.95
a7ca13ca,TKT-88417,MN_SRCL,Men Chino Trousers,Bottoms,39.99
099f49ff,TKT-62551,KD_SRSL,Kids Denim Shorts,Bottoms,18.99
2749aae2,TKT-62551,KD_SRSL,Kids Denim Shorts,Bottoms,18.99
c9c5a6dd,TKT-62551,WM_SRSL,Women Summer Dress,Dresses,35.5
48b0c411,TKT-26397,WM_SRSL,Women Leather Jacket,Outerwear,120.0
5118fdba,TKT-26397,MN_SRSL,Men Hoodie,Tops,45.0
7135d0a4,TKT-26397,WM_SRSL,Women Jeans,Bottoms,49.95
06b0b1a4,TKT-51157,WM_SRBN,Women Jeans,Bottoms,49.95
6f95abe6,TKT-51157,KD_SRBN,Kids Winter Coat,Outerwear,45.0
3e77ca0f,TKT-51157,MN_SRBN,Men Basic T-Shirt,Tops,15.99
eccae575,TKT-14547,KD_SRBN,Kids Pajama Set,Nightwear,22.5
030ab84a,TKT-14547,KD_SRBN,Kids Winter Coat,Outerwear,45.0
d7c3a80c,TKT-14547,WM_SRBN,Women Summer Dress,Dresses,35.5
7cf3b9af,TKT-88485,KD_SRGV,Kids Winter Coat,Outerwear,45.0
bcc870f2,TKT-88485,WM_SRGV,Women Summer Dress,Dresses,35.5
953dd662,TKT-88485,MN_SRGV,Men Tailored Suit,Suits,250.0
a6cb9732,TKT-88485,KD_SRGV,Kids School Uniform,Sets,35.0
65482e69,TKT-88485,KD_SRGV,Kids Pajama Set,Nightwear,22.5
ae8db94d,TKT-87434,WM_SRCL,Women Shirt,Tops,25.99
cdff86ba,TKT-74203,WM_SRBN,Women Shirt,Tops,25.99
63bd3289,TKT-74203,WM_SRBN,Women Leather Jacket,Outerwear,120.0
28f52677,TKT-74203,WM_SRBN,Women Shirt,Tops,25.99
0c45932e,TKT-74203,KD_SRBN,Kids Denim Shorts,Bottoms,18.99
cb2a0c3a,TKT-74203,KD_SRBN,Kids Denim Shorts,Bottoms,18.99
c29e3151,TKT-41669,KD_SRGV,Kids Winter Coat,Outerwear,45.0
e6322947,TKT-41669,WM_SRGV,Women Leather Jacket,Outerwear,120.0
ce9933ca,TKT-41669,KD_SRGV,Kids Denim Shorts,Bottoms,18.99
5927a58d,TKT-41669,WM_SRGV,Women Leather Jacket,Outerwear,120.0
e65493d6,TKT-41669,MN_SRGV,Men Denim Jacket,Outerwear,59.95
dad76cc7,TKT-77654,MN_SRBN,Men Hoodie,Tops,45.0
98f08f01,TKT-77654,WM_SRBN,Women Shirt,Tops,25.99
b492ca19,TKT-93393,MN_SRBN,Men Denim Jacket,Outerwear,59.95
38afa5c9,TKT-80432,MN_SRAQ,Men Basic T-Shirt,Tops,15.99
0022aa59,TKT-80432,KD_SRAQ,Kids School Uniform,Sets,35.0
072168cd,TKT-80432,KD_SRAQ,Kids Graphic T-Shirt,Tops,12.5
5d3075cd,TKT-80432,MN_SRAQ,Men Basic T-Shirt,Tops,15.99
e020546d,TKT-82720,MN_SRAQ,Men Basic T-Shirt,Tops,15.99
747f0212,TKT-78654,KD_SRGV,Kids Denim Shorts,Bottoms,18.99
dcd7ed46,TKT-78654,KD_SRGV,Kids Denim Shorts,Bottoms,18.99
09255a5a,TKT-78654,WM_SRGV,Women Summer Dress,Dresses,35.5
ed18f3eb,TKT-86103,WM_SRCL,Women Shirt,Tops,25.99
b3511a2e,TKT-34869,MN_SRAQ,Men Chino Trousers,Bottoms,39.99
01497852,TKT-34869,MN_SRAQ,Men Tailored Suit,Suits,250.0
fdd83a15,TKT-34869,MN_SRAQ,Men Basic T-Shirt,Tops,15.99
f26cd188,TKT-34869,KD_SRAQ,Kids Graphic T-Shirt,Tops,12.5
f12ef0b5,TKT-34869,MN_SRAQ,Men Tailored Suit,Suits,250.0
752789e2,TKT-62030,KD_SRSL,Kids Pajama Set,Nightwear,22.5
736942c9,TKT-62030,WM_SRSL,Women Leather Jacket,Outerwear,120.0
c1a90a8c,TKT-62030,WM_SRSL,Women Wool Sweater,Tops,45.0
53bf1236,TKT-62030,WM_SRSL,Women Wool Sweater,Tops,45.0
6d24b753,TKT-96097,MN_SRBN,Men Hoodie,Tops,45.0
49ca94c0,TKT-96097,MN_SRBN,Men Basic T-Shirt,Tops,15.99
a0a7ab12,TKT-96097,WM_SRBN,Women Wool Sweater,Tops,45.0
f2f80971,TKT-21861,KD_SRBN,Kids Winter Coat,Outerwear,45.0
56aa954f,TKT-24643,WM_SRAQ,Women Leather Jacket,Outerwear,120.0
78ae0072,TKT-24643,KD_SRAQ,Kids Graphic T-Shirt,Tops,12.5
109f3cb0,TKT-92900,MN_SRAQ,Men Denim Jacket,Outerwear,59.95
1c6fe40e,TKT-92900,WM_SRAQ,Women Jeans,Bottoms,49.95
ba1d3e70,TKT-92900,KD_SRAQ,Kids School Uniform,Sets,35.0
ac5764ae,TKT-92900,KD_SRAQ,Kids Denim Shorts,Bottoms,18.99
abb9eadd,TKT-92900,KD_SRAQ,Kids Pajama Set,Nightwear,22.5
51d3353c,TKT-18340,KD_SRSL,Kids Winter Coat,Outerwear,45.0
9d2616c3,TKT-18340,KD_SRSL,Kids Graphic T-Shirt,Tops,12.5
cea55b0a,TKT-18340,MN_SRSL,Men Basic T-Shirt,Tops,15.99
5e5a2141,TKT-18340,KD_SRSL,Kids Graphic T-Shirt,Tops,12.5
ec8656a6,TKT-57271,KD_SRSL,Kids Winter Coat,Outerwear,45.0
010e1a38,TKT-57271,MN_SRSL,Men Denim Jacket,Outerwear,59.95
92081070,TKT-42690,WM_SRAQ,Women Leather Jacket,Outerwear,120.0
9da24bab,TKT-22173,MN_SRBN,Men Hoodie,Tops,45.0
72efad7e,TKT-22173,WM_SRBN,Women Jeans,Bottoms,49.95
873a8ba3,TKT-55819,MN_SRGV,Men Hoodie,Tops,45.0
65614e86,TKT-55819,MN_SRGV,Men Tailored Suit,Suits,250.0
d1ab983d,TKT-55819,WM_SRGV,Women Shirt,Tops,25.99
a30d8d4d,TKT-55819,MN_SRGV,Men Basic T-Shirt,Tops,15.99
88965fe8,TKT-55899,KD_SRBN,Kids Graphic T-Shirt,Tops,12.5
243267dd,TKT-62073,KD_SRBN,Kids Winter Coat,Outerwear,45.0
8637cd43,TKT-62073,WM_SRBN,Women Leather Jacket,Outerwear,120.0
ace215dd,TKT-62073,MN_SRBN,Men Denim Jacket,Outerwear,59.95
bdd20114,TKT-62073,KD_SRBN,Kids Graphic T-Shirt,Tops,12.5
70a530e2,TKT-62073,MN_SRBN,Men Basic T-Shirt,Tops,15.99
