ticket_id,timestamp,store_id,store_name,city,product_id,product_name,product_category,product_price,total_euros,product_amount,checkout_number,zone_id,m2,max_capacity
TKT-42126,2023-10-14T05:08:11,SRAQ,Sara Aqua,Valencia,fc22841e,Kids Winter Coat,Outerwear,45.0,225.99,4,3,KD_SRAQ,585,290
TKT-42126,2023-10-14T05:08:11,SRAQ,Sara Aqua,Valencia,07716a68,Men Basic T-Shirt,Tops,15.99,225.99,4,3,MN_SRAQ,585,290
TKT-42126,2023-10-14T05:08:11,SRAQ,Sara Aqua,Valencia,616ec10e,Women Wool Sweater,Tops,45.0,225.99,4,3,WM_SRAQ,585,290
TKT-42126,2023-10-14T05:08:11,SRAQ,Sara Aqua,Valencia,756f5416,Women Leather Jacket,Outerwear,120.0,225.99,4,3,WM_SRAQ,585,290
TKT-62135,2023-10-24T02:16:32,SRBN,Sara Bonaire,Valencia,831aa91c,Men Chino Trousers,Bottoms,39.99,222.44,4,1,MN_SRBN,585,290
TKT-62135,2023-10-24T02:16:32,SRBN,Sara Bonaire,Valencia,d9f3f16f,Women Jeans,Bottoms,49.95,222.44,4,1,WM_SRBN,585,290
TKT-62135,2023-10-24T02:16:32,SRBN,Sara Bonaire,Valencia,4faedf54,Women Leather Jacket,Outerwear,120.0,222.44,4,1,WM_SRBN,585,290
TKT-62135,2023-10-24T02:16:32,SRBN,Sara Bonaire,Valencia,83e39b0c,Kids Graphic T-Shirt,Tops,12.5,222.44,4,1,KD_SRBN,585,290
TKT-50352,2023-10-15T22:00:40,SRCL,Sara Colon,Valencia,eca5d7cf,Men Basic T-Shirt,Tops,15.99,31.98,2,1,MN_SRCL,585,290
TKT-50352,2023-10-15T22:00:40,SRCL,Sara Colon,Valencia,46ac4226,Men Basic T-Shirt,Tops,15.99,31.98,2,1,MN_SRCL,585,290
TKT-49679,2023-10-10T19:06:47,SRCL,Sara Colon,Valencia,4bbed861,Men Chino Trousers,Bottoms,39.99,102.48,3,1,MN_SRCL,585,290
TKT-49679,2023-10-10T19:06:47,SRCL,Sara Colon,Valencia,fcb2db0b,Men Chino Trousers,Bottoms,39.99,102.48,3,1,MN_SRCL,585,290
TKT-49679,2023-10-10T19:06:47,SRCL,Sara Colon,Valencia,59945c81,Kids Pajama Set,Nightwear,22.5,102.48,3,1,KD_SRCL,585,290
TKT-28566,2023-10-25T04:42:19,SRSL,Sara Saler,Valencia,3cfbed88,Men Hoodie,Tops,45.0,148.0,4,2,MN_SRSL,585,290
TKT-28566,2023-10-25T04:42:19,SRSL,Sara Saler,Valencia,575ff100,Kids Pajama Set,Nightwear,22.5,148.0,4,2,KD_SRSL,585,290
TKT-28566,2023-10-25T04:42:19,SRSL,Sara Saler,Valencia,8bbf7932,Women Summer Dress,Dresses,35.5,148.0,4,2,WM_SRSL,585,290
TKT-28566,2023-10-25T04:42:19,SRSL,Sara Saler,Valencia,5e243ce6,Men Hoodie,Tops,45.0,148.0,4,2,MN_SRSL,585,290
TKT-81331,2023-10-03T18:07:17,SRBN,Sara Bonaire,Valencia,e707edac,Women Shirt,Tops,25.99,94.93,3,1,WM_SRBN,585,290
TKT-81331,2023-10-03T18:07:17,SRBN,Sara Bonaire,Valencia,3318ef18,Women Jeans,Bottoms,49.95,94.93,3,1,WM_SRBN,585,290
TKT-81331,2023-10-03T18:07:17,SRBN,Sara Bonaire,Valencia,45890792,Kids Denim Shorts,Bottoms,18.99,94.93,3,1,KD_SRBN,585,290
TKT-63356,2023-10-19T14:57:05,SRCL,Sara Colon,Valencia,1594854d,Women Jeans,Bottoms,49.95,122.4,3,2,WM_SRCL,585,290
TKT-63356,2023-10-19T14:57:05,SRCL,Sara Colon,Valencia,80de19d4,Men Denim Jacket,Outerwear,59.95,122.4,3,2,MN_SRCL,585,290
TKT-63356,2023-10-19T14:57:05,SRCL,Sara Colon,Valencia,21c86309,Kids Graphic T-Shirt,Tops,12.5,122.4,3,2,KD_SRCL,585,290
TKT-25385,2023-10-19T21:30:28,SRSL,Sara Saler,Valencia,57052683,Kids Denim Shorts,Bottoms,18.99,18.99,1,2,KD_SRSL,585,290
TKT-13292,2023-10-19T16:14:44,SRBN,Sara Bonaire,Valencia,150a615f,Kids Denim Shorts,Bottoms,18.99,134.47,5,4,KD_SRBN,585,290
TKT-13292,2023-10-19T16:14:44,SRBN,Sara Bonaire,Valencia,e50b4653,Kids Winter Coat,Outerwear,45.0,134.47,5,4,KD_SRBN,585,290
TKT-13292,2023-10-19T16:14:44,SRBN,Sara Bonaire,Valencia,ef4dde14,Women Summer Dress,Dresses,35.5,134.47,5,4,WM_SRBN,585,290
TKT-13292,2023-10-19T16:14:44,SRBN,Sara Bonaire,Valencia,3843e00d,Men Basic T-Shirt,Tops,15.99,134.47,5,4,MN_SRBN,585,290
TKT-13292,2023-10-19T16:14:44,SRBN,Sara Bonaire,Valencia,91430bc5,Kids Denim Shorts,Bottoms,18.99,134.47,5,4,KD_SRBN,585,290
TKT-47436,2023-10-14T17:03:06,SRSL,Sara Saler,Valencia,7e203785,Men Hoodie,Tops,45.0,110.98,3,2,MN_SRSL,585,290
TKT-47436,2023-10-14T17:03:06,SRSL,Sara Saler,Valencia,c085bceb,Men Chino Trousers,Bottoms,39.99,110.98,3,2,MN_SRSL,585,290
TKT-47436,2023-10-14T17:03:06,SRSL,Sara Saler,Valencia,7e19db3e,Women Shirt,Tops,25.99,110.98,3,2,WM_SRSL,585,290
TKT-82883,2023-10-02T02:19:18,SRSL,Sara Saler,Valencia,b8285b7e,Kids Graphic T-Shirt,Tops,12.5,443.49,5,1,KD_SRSL,585,290
TKT-82883,2023-10-02T02:19:18,SRSL,Sara Saler,Valencia,3001bd89,Women Leather Jacket,Outerwear,120.0,443.49,5,1,WM_SRSL,585,290
TKT-82883,2023-10-02T02:19:18,SRSL,Sara Saler,Valencia,072c46e1,Men Tailored Suit,Suits,250.0,443.49,5,1,MN_SRSL,585,290
TKT-82883,2023-10-02T02:19:18,SRSL,Sara Saler,Valencia,72adbb73,Men Hoodie,Tops,45.0,443.49,5,1,MN_SRSL,585,290
TKT-82883,2023-10-02T02:19:18,SRSL,Sara Saler,Valencia,595d6594,Men Basic T-Shirt,Tops,15.99,443.49,5,1,MN_SRSL,585,290
TKT-42008,2023-10-20T15:54:18,SRGV,Sara Gran Via,Valencia,60f879ed,Women Leather Jacket,Outerwear,120.0,300.99,4,1,WM_SRGV,585,290
TKT-42008,2023-10-20T15:54:18,SRGV,Sara Gran Via,Valencia,f74e078e,Men Basic T-Shirt,Tops,15.99,300.99,4,1,MN_SRGV,585,290
TKT-42008,2023-10-20T15:54:18,SRGV,Sara Gran Via,Valencia,9c6d7816,Men Hoodie,Tops,45.0,300.99,4,1,MN_SRGV,585,290
TKT-42008,2023-10-20T15:54:18,SRGV,Sara Gran Via,Valencia,5bad0430,Women Leather Jacket,Outerwear,120.0,300.99,4,1,WM_SRGV,585,290
TKT-29895,2023-10-14T14:26:25,SRCL,Sara Colon,Valencia,09cb4db9,Men Chino Trousers,Bottoms,39.99,39.99,1,4,MN_SRCL,585,290
TKT-93042,2023-10-02T05:14:21,SRCL,Sara Colon,Valencia,f009e9c6,Men Hoodie,Tops,45.0,128.49,4,3,MN_SRCL,585,290
TKT-93042,2023-10-02T05:14:21,SRCL,Sara Colon,Valencia,c3aa5f07,Women Wool Sweater,Tops,45.0,128.49,4,3,WM_SRCL,585,290
TKT-93042,2023-10-02T05:14:21,SRCL,Sara Colon,Valencia,f961e762,Women Shirt,Tops,25.99,128.49,4,3,WM_SRCL,585,290
TKT-93042,2023-10-02T05:14:21,SRCL,Sara Colon,Valencia,af0924e2,Kids Graphic T-Shirt,Tops,12.5,128.49,4,3,KD_SRCL,585,290
TKT-14858,2023-10-27T08:19:16,SRCL,Sara Colon,Valencia,9cbed210,Men Hoodie,Tops,45.0,45.0,1,3,MN_SRCL,585,290
TKT-94354,2023-10-12T17:13:36,SRSL,Sara Saler,Valencia,8899a4c5,Women Wool Sweater,Tops,45.0,139.95,4,4,WM_SRSL,585,290
TKT-94354,2023-10-12T17:13:36,SRSL,Sara Saler,Valencia,8b25e7f4,Kids Graphic T-Shirt,Tops,12.5,139.95,4,4,KD_SRSL,585,290
TKT-94354,2023-10-12T17:13:36,SRSL,Sara Saler,Valencia,e35836a3,Kids Pajama Set,Nightwear,22.5,139.95,4,4,KD_SRSL,585,290
TKT-94354,2023-10-12T17:13:36,SRSL,Sara Saler,Valencia,46eb944d,Men Denim Jacket,Outerwear,59.95,139.95,4,4,MN_SRSL,585,290
TKT-49580,2023-10-01T14:50:47,SRAQ,Sara Aqua,Valencia,da59da5a,Kids Winter Coat,Outerwear,45.0,168.48,5,4,KD_SRAQ,585,290
TKT-49580,2023-10-01T14:50:47,SRAQ,Sara Aqua,Valencia,fabddaef,Kids Pajama Set,Nightwear,22.5,168.48,5,4,KD_SRAQ,585,290
TKT-49580,2023-10-01T14:50:47,SRAQ,Sara Aqua,Valencia,5dccef27,Men Basic T-Shirt,Tops,15.99,168.48,5,4,MN_SRAQ,585,290
TKT-49580,2023-10-01T14:50:47,SRAQ,Sara Aqua,Valencia,ddaab940,Men Chino Trousers,Bottoms,39.99,168.48,5,4,MN_SRAQ,585,290
TKT-49580,2023-10-01T14:50:47,SRAQ,Sara Aqua,Valencia,f08f7a13,Kids Winter Coat,Outerwear,45.0,168.48,5,4,KD_SRAQ,585,290
TKT-33956,2023-10-14T00:51:45,SRAQ,Sara Aqua,Valencia,200d49b9,Men Basic T-Shirt,Tops,15.99,15.99,1,3,MN_SRAQ,585,290
TKT-17876,2023-10-15T07:35:49,SRGV,Sara Gran Via,Valencia,3e7a1a92,Kids Graphic T-Shirt,Tops,12.5,82.5,3,1,KD_SRGV,585,290
TKT-17876,2023-10-15T07:35:49,SRGV,Sara Gran Via,Valencia,09328a5f,Kids School Uniform,Sets,35.0,82.5,3,1,KD_SRGV,585,290
TKT-17876,2023-10-15T07:35:49,SRGV,Sara Gran Via,Valencia,eff249c1,Kids School Uniform,Sets,35.0,82.5,3,1,KD_SRGV,585,290
TKT-78596,2023-10-07T07:07:20,SRAQ,Sara Aqua,Valencia,6fcacf4c,Men Hoodie,Tops,45.0,57.5,2,3,MN_SRAQ,585,290
TKT-78596,2023-10-07T07:07:20,SRAQ,Sara Aqua,Valencia,fa3c1e02,Kids Graphic T-Shirt,Tops,12.5,57.5,2,3,KD_SRAQ,585,290
TKT-10228,2023-10-07T22:24:16,SRGV,Sara Gran Via,Valencia,7ec38dc0,Men Denim Jacket,Outerwear,59.95,193.44,5,1,MN_SRGV,585,290
TKT-10228,2023-10-07T22:24:16,SRGV,Sara Gran Via,Valencia,f0a66872,Men Chino Trousers,Bottoms,39.99,193.44,5,1,MN_SRGV,585,290
TKT-10228,2023-10-07T22:24:16,SRGV,Sara Gran Via,Valencia,5bd4832a,Women Summer Dress,Dresses,35.5,193.44,5,1,WM_SRGV,585,290
TKT-10228,2023-10-07T22:24:16,SRGV,Sara Gran Via,Valencia,92dc760c,Women Summer Dress,Dresses,35.5,193.44,5,1,WM_SRGV,585,290
TKT-10228,2023-10-07T22:24:16,SRGV,Sara Gran Via,Valencia,3bede313,Kids Pajama Set,Nightwear,22.5,193.44,5,1,KD_SRGV,585,290
TKT-79952,2023-10-05T00:35:12,SRBN,Sara Bonaire,Valencia,24748767,Women Jeans,Bottoms,49.95,139.95,3,2,WM_SRBN,585,290
TKT-79952,2023-10-05T00:35:12,SRBN,Sara Bonaire,Valencia,45dc28c9,Women Wool Sweater,Tops,45.0,139.95,3,2,WM_SRBN,585,290
TKT-79952,2023-10-05T00:35:12,SRBN,Sara Bonaire,Valencia,1f19bd1a,Women Wool Sweater,Tops,45.0,139.95,3,2,WM_SRBN,585,290
TKT-71206,2023-10-29T21:54:52,SRAQ,Sara Aqua,Valencia,2dfb6d90,Kids Winter Coat,Outerwear,45.0,450.0,4,1,KD_SRAQ,585,290
TKT-71206,2023-10-29T21:54:52,SRAQ,Sara Aqua,Valencia,f1207626,Kids School Uniform,Sets,35.0,450.0,4,1,KD_SRAQ,585,290
TKT-71206,2023-10-29T21:54:52,SRAQ,Sara Aqua,Valencia,05c4437f,Men Tailored Suit,Suits,250.0,450.0,4,1,MN_SRAQ,585,290
TKT-71206,2023-10-29T21:54:52,SRAQ,Sara Aqua,Valencia,8e3fa33e,Women Leather Jacket,Outerwear,120.0,450.0,4,1,WM_SRAQ,585,290
TKT-54061,2023-10-24T02:50:40,SRBN,Sara Bonaire,Valencia,7b0b16ff,Men Hoodie,Tops,45.0,139.93,4,1,MN_SRBN,585,290
TKT-54061,2023-10-24T02:50:40,SRBN,Sara Bonaire,Valencia,44451dfe,Kids Denim Shorts,Bottoms,18.99,139.93,4,1,KD_SRBN,585,290
TKT-54061,2023-10-24T02:50:40,SRBN,Sara Bonaire,Valencia,ff75b232,Men Basic T-Shirt,Tops,15.99,139.93,4,1,MN_SRBN,585,290
TKT-54061,2023-10-24T02:50:40,SRBN,Sara Bonaire,Valencia,237d7ab4,Men Denim Jacket,Outerwear,59.95,139.93,4,1,MN_SRBN,585,290
TKT-60952,2023-10-11T00:51:03,SRGV,Sara Gran Via,Valencia,35bdf6c8,Men Hoodie,Tops,45.0,108.99,3,3,MN_SRGV,585,290
TKT-60952,2023-10-11T00:51:03,SRGV,Sara Gran Via,Valencia,ce29fc4d,Kids Winter Coat,Outerwear,45.0,108.99,3,3,KD_SRGV,585,290
TKT-60952,2023-10-11T00:51:03,SRGV,Sara Gran Via,Valencia,71ec8c7a,Kids Denim Shorts,Bottoms,18.99,108.99,3,3,KD_SRGV,585,290
TKT-94213,2023-10-09T04:47:35,SRGV,Sara Gran Via,Valencia,5b546d89,Women Summer Dress,Dresses,35.5,35.5,1,3,WM_SRGV,585,290
TKT-69299,2023-10-18T12:07:52,SRCL,Sara Colon,Valencia,2077d6d1,Women Leather Jacket,Outerwear,120.0,275.98,5,3,WM_SRCL,585,290
TKT-69299,2023-10-18T12:07:52,SRCL,Sara Colon,Valencia,ccbd453d,Men Chino Trousers,Bottoms,39.99,275.98,5,3,MN_SRCL,585,290
TKT-69299,2023-10-18T12:07:52,SRCL,Sara Colon,Valencia,f1e93701,Women Wool Sweater,Tops,45.0,275.98,5,3,WM_SRCL,585,290
TKT-69299,2023-10-18T12:07:52,SRCL,Sara Colon,Valencia,b12bb9ac,Women Shirt,Tops,25.99,275.98,5,3,WM_SRCL,585,290
TKT-69299,2023-10-18T12:07:52,SRCL,Sara Colon,Valencia,5383c9a7,Women Wool Sweater,Tops,45.0,275.98,5,3,WM_SRCL,585,290
TKT-18683,2023-10-04T02:18:35,SRGV,Sara Gran Via,Valencia,c1c04212,Kids Denim Shorts,Bottoms,18.99,18.99,1,2,KD_SRGV,585,290
TKT-36122,2023-10-11T21:13:52,SRSL,Sara Saler,Valencia,f3ce2c22,Kids Winter Coat,Outerwear,45.0,45.0,1,3,KD_SRSL,585,290
TKT-55282,2023-10-04T11:20:26,SRBN,Sara Bonaire,Valencia,da8538fd,Women Shirt,Tops,25.99,25.99,1,4,WM_SRBN,585,290
TKT-77284,2023-10-10T19:09:36,SRGV,Sara Gran Via,Valencia,1584f5b8,Men Denim Jacket,Outerwear,59.95,59.95,1,4,MN_SRGV,585,290
TKT-70188,2023-10-16T09:40:01,SRBN,Sara Bonaire,Valencia,8b01cc79,Kids Pajama Set,Nightwear,22.5,112.5,3,4,KD_SRBN,585,290
TKT-70188,2023-10-16T09:40:01,SRBN,Sara Bonaire,Valencia,2af511c6,Men Hoodie,Tops,45.0,112.5,3,4,MN_SRBN,585,290
TKT-70188,2023-10-16T09:40:01,SRBN,Sara Bonaire,Valencia,8defcb1a,Kids Winter Coat,Outerwear,45.0,112.5,3,4,KD_SRBN,585,290
TKT-54517,2023-10-10T19:13:08,SRGV,Sara Gran Via,Valencia,846c10a6,Kids Winter Coat,Outerwear,45.0,45.0,1,1,KD_SRGV,585,290
TKT-99493,2023-10-03T15:49:00,SRSL,Sara Saler,Valencia,b99479c8,Men Chino Trousers,Bottoms,39.99,134.94,3,4,MN_SRSL,585,290
TKT-99493,2023-10-03T15:49:00,SRSL,Sara Saler,Valencia,6eb031bb,Women Jeans,Bottoms,49.95,134.94,3,4,WM_SRSL,585,290
TKT-99493,2023-10-03T15:49:00,SRSL,Sara Saler,Valencia,f6544ad4,Kids Winter Coat,Outerwear,45.0,134.94,3,4,KD_SRSL,585,290
TKT-11031,2023-10-08T20:42:47,SRGV,Sara Gran Via,Valencia,0ecd3a71,Kids Pajama Set,Nightwear,22.5,48.49,2,1,KD_SRGV,585,290
TKT-11031,2023-10-08T20:42:47,SRGV,Sara Gran Via,Valencia,d6d13f15,Women Shirt,Tops,25.99,48.49,2,1,WM_SRGV,585,290
TKT-43742,2023-10-28T11:23:18,SRSL,Sara Saler,Valencia,c452aeca,Women Wool Sweater,Tops,45.0,45.0,1,2,WM_SRSL,585,290
TKT-29757,2023-10-24T19:31:05,SRBN,Sara Bonaire,Valencia,05d6ef8d,Kids Graphic T-Shirt,Tops,12.5,262.5,2,3,KD_SRBN,585,290
TKT-29757,2023-10-24T19:31:05,SRBN,Sara Bonaire,Valencia,39d494d2,Men Tailored Suit,Suits,250.0,262.5,2,3,MN_SRBN,585,290
TKT-16002,2023-10-05T09:43:30,SRAQ,Sara Aqua,Valencia,a4fb9547,Women Summer Dress,Dresses,35.5,73.99,3,2,WM_SRAQ,585,290
TKT-16002,2023-10-05T09:43:30,SRAQ,Sara Aqua,Valencia,1b564973,Kids Pajama Set,Nightwear,22.5,73.99,3,2,KD_SRAQ,585,290
TKT-16002,2023-10-05T09:43:30,SRAQ,Sara Aqua,Valencia,6e2f93ca,Men Basic T-Shirt,Tops,15.99,73.99,3,2,MN_SRAQ,585,290
TKT-36635,2023-10-22T00:26:05,SRCL,Sara Colon,Valencia,54957a66,Kids School Uniform,Sets,35.0,35.0,1,3,KD_SRCL,585,290
TKT-81086,2023-10-07T12:00:16,SRBN,Sara Bonaire,Valencia,db515b62,Kids School Uniform,Sets,35.0,96.49,3,3,KD_SRBN,585,290
TKT-81086,2023-10-07T12:00:16,SRBN,Sara Bonaire,Valencia,c42e1ece,Women Shirt,Tops,25.99,96.49,3,3,WM_SRBN,585,290
TKT-81086,2023-10-07T12:00:16,SRBN,Sara Bonaire,Valencia,f93aa81a,Women Summer Dress,Dresses,35.5,96.49,3,3,WM_SRBN,585,290
TKT-36698,2023-10-27T04:33:57,SRSL,Sara Saler,Valencia,22cce393,Kids Denim Shorts,Bottoms,18.99,401.49,4,4,KD_SRSL,585,290
TKT-36698,2023-10-27T04:33:57,SRSL,Sara Saler,Valencia,16e7b1e4,Kids Graphic T-Shirt,Tops,12.5,401.49,4,4,KD_SRSL,585,290
TKT-36698,2023-10-27T04:33:57,SRSL,Sara Saler,Valencia,21f7f0ca,Women Leather Jacket,Outerwear,120.0,401.49,4,4,WM_SRSL,585,290
TKT-36698,2023-10-27T04:33:57,SRSL,Sara Saler,Valencia,915b4808,Men Tailored Suit,Suits,250.0,401.49,4,4,MN_SRSL,585,290
TKT-62040,2023-10-02T04:43:00,SRAQ,Sara Aqua,Valencia,c08d36bf,Men Hoodie,Tops,45.0,63.99,2,2,MN_SRAQ,585,290
TKT-62040,2023-10-02T04:43:00,SRAQ,Sara Aqua,Valencia,34b2346d,Kids Denim Shorts,Bottoms,18.99,63.99,2,2,KD_SRAQ,585,290
TKT-97270,2023-10-02T10:36:52,SRGV,Sara Gran Via,Valencia,d354e6c0,Men Denim Jacket,Outerwear,59.95,59.95,1,4,MN_SRGV,585,290
TKT-70839,2023-10-08T17:56:05,SRBN,Sara Bonaire,Valencia,66f4f07d,Women Summer Dress,Dresses,35.5,35.5,1,4,WM_SRBN,585,290
TKT-14310,2023-10-12T23:00:03,SRCL,Sara Colon,Valencia,0baaa051,Men Tailored Suit,Suits,250.0,250.0,1,3,MN_SRCL,585,290
TKT-82968,2023-10-17T13:35:20,SRCL,Sara Colon,Valencia,c0618b95,Women Summer Dress,Dresses,35.5,70.5,2,1,WM_SRCL,585,290
TKT-82968,2023-10-17T13:35:20,SRCL,Sara Colon,Valencia,3b6fef08,Kids School Uniform,Sets,35.0,70.5,2,1,KD_SRCL,585,290
TKT-68281,2023-10-06T18:09:59,SRBN,Sara Bonaire,Valencia,ce0d1ecb,Kids Graphic T-Shirt,Tops,12.5,138.98,5,1,KD_SRBN,585,290
TKT-68281,2023-10-06T18:09:59,SRBN,Sara Bonaire,Valencia,fb063f94,Men Chino Trousers,Bottoms,39.99,138.98,5,1,MN_SRBN,585,290
TKT-68281,2023-10-06T18:09:59,SRBN,Sara Bonaire,Valencia,48ba9b80,Kids Denim Shorts,Bottoms,18.99,138.98,5,1,KD_SRBN,585,290
TKT-68281,2023-10-06T18:09:59,SRBN,Sara Bonaire,Valencia,c092d169,Kids Pajama Set,Nightwear,22.5,138.98,5,1,KD_SRBN,585,290
TKT-68281,2023-10-06T18:09:59,SRBN,Sara Bonaire,Valencia,c0ec8dea,Kids Winter Coat,Outerwear,45.0,138.98,5,1,KD_SRBN,585,290
TKT-84536,2023-10-30T21:58:00,SRGV,Sara Gran Via,Valencia,0f2b6d69,Kids Pajama Set,Nightwear,22.5,477.49,5,1,KD_SRGV,585,290
TKT-84536,2023-10-30T21:58:00,SRGV,Sara Gran Via,Valencia,b328253a,Men Tailored Suit,Suits,250.0,477.49,5,1,MN_SRGV,585,290
TKT-84536,2023-10-30T21:58:00,SRGV,Sara Gran Via,Valencia,cb06c57b,Women Wool Sweater,Tops,45.0,477.49,5,1,WM_SRGV,585,290
TKT-84536,2023-10-30T21:58:00,SRGV,Sara Gran Via,Valencia,89c0d13d,Men Chino Trousers,Bottoms,39.99,477.49,5,1,MN_SRGV,585,290
TKT-84536,2023-10-30T21:58:00,SRGV,Sara Gran Via,Valencia,cce3b6e5,Women Leather Jacket,Outerwear,120.0,477.49,5,1,WM_SRGV,585,290
TKT-11748,2023-10-02T16:50:18,SRCL,Sara Colon,Valencia,c70dc57d,Men Basic T-Shirt,Tops,15.99,65.94,2,4,MN_SRCL,585,290
TKT-11748,2023-10-02T16:50:18,SRCL,Sara Colon,Valencia,45db736a,Women Jeans,Bottoms,49.95,65.94,2,4,WM_SRCL,585,290
TKT-39222,2023-10-22T03:58:50,SRBN,Sara Bonaire,Valencia,c5971f6f,Kids Graphic T-Shirt,Tops,12.5,115.0,4,1,KD_SRBN,585,290
TKT-39222,2023-10-22T03:58:50,SRBN,Sara Bonaire,Valencia,491b6d92,Women Wool Sweater,Tops,45.0,115.0,4,1,WM_SRBN,585,290
TKT-39222,2023-10-22T03:58:50,SRBN,Sara Bonaire,Valencia,3c6cf0a8,Kids Graphic T-Shirt,Tops,12.5,115.0,4,1,KD_SRBN,585,290
TKT-39222,2023-10-22T03:58:50,SRBN,Sara Bonaire,Valencia,5445be9f,Men Hoodie,Tops,45.0,115.0,4,1,MN_SRBN,585,290
TKT-31040,2023-10-10T13:32:45,SRBN,Sara Bonaire,Valencia,d581ef53,Women Shirt,Tops,25.99,57.48,3,1,WM_SRBN,585,290
TKT-31040,2023-10-10T13:32:45,SRBN,Sara Bonaire,Valencia,ca459581,Kids Denim Shorts,Bottoms,18.99,57.48,3,1,KD_SRBN,585,290
TKT-31040,2023-10-10T13:32:45,SRBN,Sara Bonaire,Valencia,44f0d344,Kids Graphic T-Shirt,Tops,12.5,57.48,3,1,KD_SRBN,585,290
TKT-79402,2023-10-01T00:08:55,SRCL,Sara Colon,Valencia,7ac84c5a,Kids Graphic T-Shirt,Tops,12.5,83.49,3,4,KD_SRCL,585,290
TKT-79402,2023-10-01T00:08:55,SRCL,Sara Colon,Valencia,eb4a809c,Women Shirt,Tops,25.99,83.49,3,4,WM_SRCL,585,290
TKT-79402,2023-10-01T00:08:55,SRCL,Sara Colon,Valencia,f4b241f6,Men Hoodie,Tops,45.0,83.49,3,4,MN_SRCL,585,290
TKT-52152,2023-10-12T02:29:57,SRGV,Sara Gran Via,Valencia,5dcd07fa,Kids Pajama Set,Nightwear,22.5,160.0,5,2,KD_SRGV,585,290
TKT-52152,2023-10-12T02:29:57,SRGV,Sara Gran Via,Valencia,3a386959,Men Hoodie,Tops,45.0,160.0,5,2,MN_SRGV,585,290
TKT-52152,2023-10-12T02:29:57,SRGV,Sara Gran Via,Valencia,ff0ea175,Kids Graphic T-Shirt,Tops,12.5,160.0,5,2,KD_SRGV,585,290
TKT-52152,2023-10-12T02:29:57,SRGV,Sara Gran Via,Valencia,3a3a06d3,Kids School Uniform,Sets,35.0,160.0,5,2,KD_SRGV,585,290
TKT-52152,2023-10-12T02:29:57,SRGV,Sara Gran Via,Valencia,9369a41c,Women Wool Sweater,Tops,45.0,160.0,5,2,WM_SRGV,585,290
TKT-74782,2023-10-14T03:00:24,SRAQ,Sara Aqua,Valencia,15ff3da2,Women Shirt,Tops,25.99,83.49,3,4,WM_SRAQ,585,290
TKT-74782,2023-10-14T03:00:24,SRAQ,Sara Aqua,Valencia,ffdf98da,Kids Graphic T-Shirt,Tops,12.5,83.49,3,4,KD_SRAQ,585,290
TKT-74782,2023-10-14T03:00:24,SRAQ,Sara Aqua,Valencia,b4d637e2,Kids Winter Coat,Outerwear,45.0,83.49,3,4,KD_SRAQ,585,290
TKT-62592,2023-10-11T15:33:28,SRSL,Sara Saler,Valencia,e2e2f74a,Women Summer Dress,Dresses,35.5,35.5,1,4,WM_SRSL,585,290
TKT-93790,2023-10-27T05:22:16,SRSL,Sara Saler,Valencia,0cfde416,Kids Pajama Set,Nightwear,22.5,267.5,5,1,KD_SRSL,585,290
TKT-93790,2023-10-27T05:22:16,SRSL,Sara Saler,Valencia,84658385,Kids School Uniform,Sets,35.0,267.5,5,1,KD_SRSL,585,290
TKT-93790,2023-10-27T05:22:16,SRSL,Sara Saler,Valencia,43fb1634,Women Wool Sweater,Tops,45.0,267.5,5,1,WM_SRSL,585,290
TKT-93790,2023-10-27T05:22:16,SRSL,Sara Saler,Valencia,db68580b,Men Hoodie,Tops,45.0,267.5,5,1,MN_SRSL,585,290
TKT-93790,2023-10-27T05:22:16,SRSL,Sara Saler,Valencia,e4f61c8b,Women Leather Jacket,Outerwear,120.0,267.5,5,1,WM_SRSL,585,290
TKT-30861,2023-10-24T17:56:45,SRBN,Sara Bonaire,Valencia,55b1cb67,Men Hoodie,Tops,45.0,374.98,5,2,MN_SRBN,585,290
TKT-30861,2023-10-24T17:56:45,SRBN,Sara Bonaire,Valencia,a8dda910,Kids Denim Shorts,Bottoms,18.99,374.98,5,2,KD_SRBN,585,290
TKT-30861,2023-10-24T17:56:45,SRBN,Sara Bonaire,Valencia,cb134b78,Men Basic T-Shirt,Tops,15.99,374.98,5,2,MN_SRBN,585,290
TKT-30861,2023-10-24T17:56:45,SRBN,Sara Bonaire,Valencia,772537fe,Kids Winter Coat,Outerwear,45.0,374.98,5,2,KD_SRBN,585,290
TKT-30861,2023-10-24T17:56:45,SRBN,Sara Bonaire,Valencia,739e6a1f,Men Tailored Suit,Suits,250.0,374.98,5,2,MN_SRBN,585,290
TKT-91215,2023-10-19T17:04:42,SRBN,Sara Bonaire,Valencia,539639f6,Men Chino Trousers,Bottoms,39.99,95.97,3,4,MN_SRBN,585,290
TKT-91215,2023-10-19T17:04:42,SRBN,Sara Bonaire,Valencia,f4cad1a5,Men Chino Trousers,Bottoms,39.99,95.97,3,4,MN_SRBN,585,290
TKT-91215,2023-10-19T17:04:42,SRBN,Sara Bonaire,Valencia,aef1038f,Men Basic T-Shirt,Tops,15.99,95.97,3,4,MN_SRBN,585,290
TKT-86080,2023-10-04T14:56:01,SRCL,Sara Colon,Valencia,b26d2438,Kids Pajama Set,Nightwear,22.5,102.5,4,4,KD_SRCL,585,290
TKT-86080,2023-10-04T14:56:01,SRCL,Sara Colon,Valencia,edcc5a98,Men Hoodie,Tops,45.0,102.5,4,4,MN_SRCL,585,290
TKT-86080,2023-10-04T14:56:01,SRCL,Sara Colon,Valencia,799f826a,Kids Graphic T-Shirt,Tops,12.5,102.5,4,4,KD_SRCL,585,290
TKT-86080,2023-10-04T14:56:01,SRCL,Sara Colon,Valencia,3241ee87,Kids Pajama Set,Nightwear,22.5,102.5,4,4,KD_SRCL,585,290
TKT-55335,2023-10-10T05:23:33,SRSL,Sara Saler,Valencia,13feaa3a,Women Jeans,Bottoms,49.95,49.95,1,4,WM_SRSL,585,290
TKT-52981,2023-10-12T01:03:10,SRSL,Sara Saler,Valencia,43a05a72,Women Leather Jacket,Outerwear,120.0,165.0,2,3,WM_SRSL,585,290
TKT-52981,2023-10-12T01:03:10,SRSL,Sara Saler,Valencia,e8dd7a57,Women Wool Sweater,Tops,45.0,165.0,2,3,WM_SRSL,585,290
TKT-67935,2023-10-26T16:42:03,SRBN,Sara Bonaire,Valencia,01f2624b,Men Chino Trousers,Bottoms,39.99,65.98,2,4,MN_SRBN,585,290
TKT-67935,2023-10-26T16:42:03,SRBN,Sara Bonaire,Valencia,d12485b2,Women Shirt,Tops,25.99,65.98,2,4,WM_SRBN,585,290
TKT-22291,2023-10-19T13:34:44,SRGV,Sara Gran Via,Valencia,d7aa711b,Kids Denim Shorts,Bottoms,18.99,138.99,2,4,KD_SRGV,585,290
TKT-22291,2023-10-19T13:34:44,SRGV,Sara Gran Via,Valencia,0ca66e9d,Women Leather Jacket,Outerwear,120.0,138.99,2,4,WM_SRGV,585,290
TKT-52883,2023-10-20T15:10:50,SRBN,Sara Bonaire,Valencia,370e92c5,Men Denim Jacket,Outerwear,59.95,59.95,1,3,MN_SRBN,585,290
TKT-81722,2023-10-10T16:34:37,SRSL,Sara Saler,Valencia,a6cab504,Men Denim Jacket,Outerwear,59.95,104.95,2,2,MN_SRSL,585,290
TKT-81722,2023-10-10T16:34:37,SRSL,Sara Saler,Valencia,4ca41e87,Kids Winter Coat,Outerwear,45.0,104.95,2,2,KD_SRSL,585,290
TKT-75850,2023-10-09T20:57:21,SRCL,Sara Colon,Valencia,a5a81d71,Women Summer Dress,Dresses,35.5,456.49,5,4,WM_SRCL,585,290
TKT-75850,2023-10-09T20:57:21,SRCL,Sara Colon,Valencia,b266f972,Women Leather Jacket,Outerwear,120.0,456.49,5,4,WM_SRCL,585,290
TKT-75850,2023-10-09T20:57:21,SRCL,Sara Colon,Valencia,8f3f0f63,Kids School Uniform,Sets,35.0,456.49,5,4,KD_SRCL,585,290
TKT-75850,2023-10-09T20:57:21,SRCL,Sara Colon,Valencia,5924bbc6,Men Basic T-Shirt,Tops,15.99,456.49,5,4,MN_SRCL,585,290
TKT-75850,2023-10-09T20:57:21,SRCL,Sara Colon,Valencia,5091b041,Men Tailored Suit,Suits,250.0,456.49,5,4,MN_SRCL,585,290
TKT-93338,2023-10-16T19:33:20,SRAQ,Sara Aqua,Valencia,393c9398,Women Shirt,Tops,25.99,75.94,2,4,WM_SRAQ,585,290
TKT-93338,2023-10-16T19:33:20,SRAQ,Sara Aqua,Valencia,04b04ef3,Women Jeans,Bottoms,49.95,75.94,2,4,WM_SRAQ,585,290
TKT-11705,2023-10-22T22:36:48,SRAQ,Sara Aqua,Valencia,daaaf2b8,Women Jeans,Bottoms,49.95,126.93,4,3,WM_SRAQ,585,290
TKT-11705,2023-10-22T22:36:48,SRAQ,Sara Aqua,Valencia,b9a8060d,Kids School Uniform,Sets,35.0,126.93,4,3,KD_SRAQ,585,290
TKT-11705,2023-10-22T22:36:48,SRAQ,Sara Aqua,Valencia,3d6c7306,Men Basic T-Shirt,Tops,15.99,126.93,4,3,MN_SRAQ,585,290
TKT-11705,2023-10-22T22:36:48,SRAQ,Sara Aqua,Valencia,60dac12e,Women Shirt,Tops,25.99,126.93,4,3,WM_SRAQ,585,290
TKT-90133,2023-10-13T06:15:27,SRAQ,Sara Aqua,Valencia,8c872714,Women Shirt,Tops,25.99,51.98,2,4,WM_SRAQ,585,290
TKT-90133,2023-10-13T06:15:27,SRAQ,Sara Aqua,Valencia,d94e0e3a,Women Shirt,Tops,25.99,51.98,2,4,WM_SRAQ,585,290
TKT-32664,2023-10-27T15:58:56,SRAQ,Sara Aqua,Valencia,cdc779a2,Women Jeans,Bottoms,49.95,157.44,4,4,WM_SRAQ,585,290
TKT-32664,2023-10-27T15:58:56,SRAQ,Sara Aqua,Valencia,c58fbe66,Men Hoodie,Tops,45.0,157.44,4,4,MN_SRAQ,585,290
TKT-32664,2023-10-27T15:58:56,SRAQ,Sara Aqua,Valencia,143d3d20,Men Chino Trousers,Bottoms,39.99,157.44,4,4,MN_SRAQ,585,290
TKT-32664,2023-10-27T15:58:56,SRAQ,Sara Aqua,Valencia,d5767f1d,Kids Pajama Set,Nightwear,22.5,157.44,4,4,KD_SRAQ,585,290
TKT-51516,2023-10-16T20:27:00,SRGV,Sara Gran Via,Valencia,7cfce05f,Men Chino Trousers,Bottoms,39.99,359.99,4,3,MN_SRGV,585,290
TKT-51516,2023-10-16T20:27:00,SRGV,Sara Gran Via,Valencia,80ac058a,Kids School Uniform,Sets,35.0,359.99,4,3,KD_SRGV,585,290
TKT-51516,2023-10-16T20:27:00,SRGV,Sara Gran Via,Valencia,5aa868f4,Men Tailored Suit,Suits,250.0,359.99,4,3,MN_SRGV,585,290
TKT-51516,2023-10-16T20:27:00,SRGV,Sara Gran Via,Valencia,69a6aa41,Kids School Uniform,Sets,35.0,359.99,4,3,KD_SRGV,585,290
TKT-98841,2023-10-20T10:42:08,SRGV,Sara Gran Via,Valencia,4acd5432,Kids Graphic T-Shirt,Tops,12.5,31.49,2,4,KD_SRGV,585,290
TKT-98841,2023-10-20T10:42:08,SRGV,Sara Gran Via,Valencia,cee92921,Kids Denim Shorts,Bottoms,18.99,31.49,2,4,KD_SRGV,585,290
TKT-32401,2023-10-29T01:03:24,SRBN,Sara Bonaire,Valencia,3d9512a2,Women Leather Jacket,Outerwear,120.0,120.0,1,2,WM_SRBN,585,290
TKT-86272,2023-10-23T16:09:16,SRAQ,Sara Aqua,Valencia,e9238a70,Men Tailored Suit,Suits,250.0,250.0,1,1,MN_SRAQ,585,290
TKT-91011,2023-10-10T21:38:01,SRBN,Sara Bonaire,Valencia,bf3f166f,Men Hoodie,Tops,45.0,424.93,5,3,MN_SRBN,585,290
TKT-91011,2023-10-10T21:38:01,SRBN,Sara Bonaire,Valencia,d34f16ad,Women Jeans,Bottoms,49.95,424.93,5,3,WM_SRBN,585,290
TKT-91011,2023-10-10T21:38:01,SRBN,Sara Bonaire,Valencia,11bc2037,Men Chino Trousers,Bottoms,39.99,424.93,5,3,MN_SRBN,585,290
TKT-91011,2023-10-10T21:38:01,SRBN,Sara Bonaire,Valencia,492d9153,Men Tailored Suit,Suits,250.0,424.93,5,3,MN_SRBN,585,290
TKT-91011,2023-10-10T21:38:01,SRBN,Sara Bonaire,Valencia,875c1854,Men Chino Trousers,Bottoms,39.99,424.93,5,3,MN_SRBN,585,290
TKT-68181,2023-10-14T20:18:57,SRGV,Sara Gran Via,Valencia,b31fe5fd,Women Jeans,Bottoms,49.95,99.9,2,3,WM_SRGV,585,290
TKT-68181,2023-10-14T20:18:57,SRGV,Sara Gran Via,Valencia,c8d4c647,Women Jeans,Bottoms,49.95,99.9,2,3,WM_SRGV,585,290
TKT-56011,2023-10-24T04:44:39,SRSL,Sara Saler,Valencia,b2e753a5,Women Jeans,Bottoms,49.95,222.3,5,3,WM_SRSL,585,290
TKT-56011,2023-10-24T04:44:39,SRSL,Sara Saler,Valencia,9c1a3049,Women Jeans,Bottoms,49.95,222.3,5,3,WM_SRSL,585,290
TKT-56011,2023-10-24T04:44:39,SRSL,Sara Saler,Valencia,1b85bff3,Women Jeans,Bottoms,49.95,222.3,5,3,WM_SRSL,585,290
TKT-56011,2023-10-24T04:44:39,SRSL,Sara Saler,Valencia,dbcf6df9,Kids Graphic T-Shirt,Tops,12.5,222.3,5,3,KD_SRSL,585,290
TKT-56011,2023-10-24T04:44:39,SRSL,Sara Saler,Valencia,e3182d6e,Men Denim Jacket,Outerwear,59.95,222.3,5,3,MN_SRSL,585,290
TKT-62134,2023-10-22T05:08:43,SRCL,Sara Colon,Valencia,2079e40e,Kids Winter Coat,Outerwear,45.0,188.44,5,1,KD_SRCL,585,290
TKT-62134,2023-10-22T05:08:43,SRCL,Sara Colon,Valencia,4e199ae9,Kids School Uniform,Sets,35.0,188.44,5,1,KD_SRCL,585,290
TKT-62134,2023-10-22T05:08:43,SRCL,Sara Colon,Valencia,e61c8a48,Women Shirt,Tops,25.99,188.44,5,1,WM_SRCL,585,290
TKT-62134,2023-10-22T05:08:43,SRCL,Sara Colon,Valencia,f7e9e181,Men Denim Jacket,Outerwear,59.95,188.44,5,1,MN_SRCL,585,290
TKT-62134,2023-10-22T05:08:43,SRCL,Sara Colon,Valencia,200e3180,Kids Pajama Set,Nightwear,22.5,188.44,5,1,KD_SRCL,585,290
TKT-79027,2023-10-19T02:22:32,SRSL,Sara Saler,Valencia,9704b67a,Kids Graphic T-Shirt,Tops,12.5,12.5,1,2,KD_SRSL,585,290
TKT-41258,2023-10-22T04:55:54,SRAQ,Sara Aqua,Valencia,5796406f,Men Tailored Suit,Suits,250.0,289.99,2,2,MN_SRAQ,585,290
TKT-41258,2023-10-22T04:55:54,SRAQ,Sara Aqua,Valencia,70658f30,Men Chino Trousers,Bottoms,39.99,289.99,2,2,MN_SRAQ,585,290
TKT-21079,2023-10-30T00:26:51,SRSL,Sara Saler,Valencia,b0425372,Men Basic T-Shirt,Tops,15.99,139.47,5,1,MN_SRSL,585,290
TKT-21079,2023-10-30T00:26:51,SRSL,Sara Saler,Valencia,fcd104b2,Men Basic T-Shirt,Tops,15.99,139.47,5,1,MN_SRSL,585,290
TKT-21079,2023-10-30T00:26:51,SRSL,Sara Saler,Valencia,4d37909b,Men Chino Trousers,Bottoms,39.99,139.47,5,1,MN_SRSL,585,290
TKT-21079,2023-10-30T00:26:51,SRSL,Sara Saler,Valencia,fdec1d80,Kids Pajama Set,Nightwear,22.5,139.47,5,1,KD_SRSL,585,290
TKT-21079,2023-10-30T00:26:51,SRSL,Sara Saler,Valencia,d5316492,Men Hoodie,Tops,45.0,139.47,5,1,MN_SRSL,585,290
TKT-32928,2023-10-11T23:09:15,SRBN,Sara Bonaire,Valencia,bd444f95,Kids Graphic T-Shirt,Tops,12.5,52.49,2,3,KD_SRBN,585,290
TKT-32928,2023-10-11T23:09:15,SRBN,Sara Bonaire,Valencia,cfedfbbc,Men Chino Trousers,Bottoms,39.99,52.49,2,3,MN_SRBN,585,290
TKT-16581,2023-10-23T12:56:35,SRCL,Sara Colon,Valencia,085255e2,Women Wool Sweater,Tops,45.0,186.49,5,1,WM_SRCL,585,290
TKT-16581,2023-10-23T12:56:35,SRCL,Sara Colon,Valencia,6b0902b3,Women Summer Dress,Dresses,35.5,186.49,5,1,WM_SRCL,585,290
TKT-16581,2023-10-23T12:56:35,SRCL,Sara Colon,Valencia,0b64d110,Kids School Uniform,Sets,35.0,186.49,5,1,KD_SRCL,585,290
TKT-16581,2023-10-23T12:56:35,SRCL,Sara Colon,Valencia,4763d5e7,Women Wool Sweater,Tops,45.0,186.49,5,1,WM_SRCL,585,290
TKT-16581,2023-10-23T12:56:35,SRCL,Sara Colon,Valencia,3169931f,Women Shirt,Tops,25.99,186.49,5,1,WM_SRCL,585,290
TKT-61104,2023-10-26T05:05:34,SRAQ,Sara Aqua,Valencia,730a18c9,Men Basic T-Shirt,Tops,15.99,106.97,5,1,MN_SRAQ,585,290
TKT-61104,2023-10-26T05:05:34,SRAQ,Sara Aqua,Valencia,b8970f3c,Kids Pajama Set,Nightwear,22.5,106.97,5,1,KD_SRAQ,585,290
TKT-61104,2023-10-26T05:05:34,SRAQ,Sara Aqua,Valencia,b61e7c56,Kids Graphic T-Shirt,Tops,12.5,106.97,5,1,KD_SRAQ,585,290
TKT-61104,2023-10-26T05:05:34,SRAQ,Sara Aqua,Valencia,af50803a,Men Chino Trousers,Bottoms,39.99,106.97,5,1,MN_SRAQ,585,290
TKT-61104,2023-10-26T05:05:34,SRAQ,Sara Aqua,Valencia,2b988a15,Men Basic T-Shirt,Tops,15.99,106.97,5,1,MN_SRAQ,585,290
TKT-58370,2023-10-15T08:59:57,SRGV,Sara Gran Via,Valencia,a46aa561,Women Jeans,Bottoms,49.95,68.94,2,4,WM_SRGV,585,290
TKT-58370,2023-10-15T08:59:57,SRGV,Sara Gran Via,Valencia,49de6bb4,Kids Denim Shorts,Bottoms,18.99,68.94,2,4,KD_SRGV,585,290
TKT-97075,2023-10-07T23:56:15,SRSL,Sara Saler,Valencia,f074d23c,Kids Winter Coat,Outerwear,45.0,45.0,1,3,KD_SRSL,585,290
TKT-78555,2023-10-03T00:50:50,SRGV,Sara Gran Via,Valencia,a6f22acc,Kids Winter Coat,Outerwear,45.0,45.0,1,4,KD_SRGV,585,290
TKT-33831,2023-10-28T03:43:08,SRSL,Sara Saler,Valencia,dc89208a,Women Shirt,Tops,25.99,25.99,1,1,WM_SRSL,585,290
TKT-89824,2023-10-12T16:45:04,SRCL,Sara Colon,Valencia,040e7c6b,Men Chino Trousers,Bottoms,39.99,74.99,2,1,MN_SRCL,585,290
TKT-89824,2023-10-12T16:45:04,SRCL,Sara Colon,Valencia,398b7346,Kids School Uniform,Sets,35.0,74.99,2,1,KD_SRCL,585,290
TKT-58735,2023-10-07T16:59:52,SRGV,Sara Gran Via,Valencia,59441809,Women Leather Jacket,Outerwear,120.0,326.98,5,3,WM_SRGV,585,290
TKT-58735,2023-10-07T16:59:52,SRGV,Sara Gran Via,Valencia,e282583f,Women Shirt,Tops,25.99,326.98,5,3,WM_SRGV,585,290
TKT-58735,2023-10-07T16:59:52,SRGV,Sara Gran Via,Valencia,482da9cf,Men Hoodie,Tops,45.0,326.98,5,3,MN_SRGV,585,290
TKT-58735,2023-10-07T16:59:52,SRGV,Sara Gran Via,Valencia,7d3537f3,Women Leather Jacket,Outerwear,120.0,326.98,5,3,WM_SRGV,585,290
TKT-58735,2023-10-07T16:59:52,SRGV,Sara Gran Via,Valencia,1e564e61,Men Basic T-Shirt,Tops,15.99,326.98,5,3,MN_SRGV,585,290
TKT-75248,2023-10-21T10:56:24,SRGV,Sara Gran Via,Valencia,4887696d,Men Tailored Suit,Suits,250.0,343.0,4,2,MN_SRGV,585,290
TKT-75248,2023-10-21T10:56:24,SRGV,Sara Gran Via,Valencia,99933414,Women Summer Dress,Dresses,35.5,343.0,4,2,WM_SRGV,585,290
TKT-75248,2023-10-21T10:56:24,SRGV,Sara Gran Via,Valencia,e880d1c3,Kids Graphic T-Shirt,Tops,12.5,343.0,4,2,KD_SRGV,585,290
TKT-75248,2023-10-21T10:56:24,SRGV,Sara Gran Via,Valencia,75d8e6d7,Men Hoodie,Tops,45.0,343.0,4,2,MN_SRGV,585,290
TKT-95331,2023-10-29T08:14:27,SRGV,Sara Gran Via,Valencia,df594ff6,Women Shirt,Tops,25.99,25.99,1,4,WM_SRGV,585,290
TKT-44843,2023-10-07T16:19:16,SRBN,Sara Bonaire,Valencia,c12f5140,Kids Graphic T-Shirt,Tops,12.5,158.98,5,2,KD_SRBN,585,290
TKT-44843,2023-10-07T16:19:16,SRBN,Sara Bonaire,Valencia,6a0fb8ea,Women Shirt,Tops,25.99,158.98,5,2,WM_SRBN,585,290
TKT-44843,2023-10-07T16:19:16,SRBN,Sara Bonaire,Valencia,83e9550a,Women Summer Dress,Dresses,35.5,158.98,5,2,WM_SRBN,585,290
TKT-44843,2023-10-07T16:19:16,SRBN,Sara Bonaire,Valencia,2c94c728,Women Wool Sweater,Tops,45.0,158.98,5,2,WM_SRBN,585,290
TKT-44843,2023-10-07T16:19:16,SRBN,Sara Bonaire,Valencia,366e29d0,Men Chino Trousers,Bottoms,39.99,158.98,5,2,MN_SRBN,585,290
TKT-58208,2023-10-01T10:51:57,SRAQ,Sara Aqua,Valencia,8372d8e8,Men Hoodie,Tops,45.0,45.0,1,4,MN_SRAQ,585,290
TKT-37872,2023-10-28T20:50:05,SRCL,Sara Colon,Valencia,6492c473,Kids Denim Shorts,Bottoms,18.99,58.98,2,1,KD_SRCL,585,290
TKT-37872,2023-10-28T20:50:05,SRCL,Sara Colon,Valencia,b9f9d175,Men Chino Trousers,Bottoms,39.99,58.98,2,1,MN_SRCL,585,290
TKT-20695,2023-10-02T05:16:22,SRGV,Sara Gran Via,Valencia,da01afd5,Women Shirt,Tops,25.99,38.49,2,3,WM_SRGV,585,290
TKT-20695,2023-10-02T05:16:22,SRGV,Sara Gran Via,Valencia,18166cc3,Kids Graphic T-Shirt,Tops,12.5,38.49,2,3,KD_SRGV,585,290
TKT-24395,2023-10-07T19:14:18,SRAQ,Sara Aqua,Valencia,8b466f45,Men Denim Jacket,Outerwear,59.95,59.95,1,3,MN_SRAQ,585,290
TKT-79800,2023-10-19T17:32:58,SRGV,Sara Gran Via,Valencia,298e2c5c,Kids Denim Shorts,Bottoms,18.99,223.94,4,4,KD_SRGV,585,290
TKT-79800,2023-10-19T17:32:58,SRGV,Sara Gran Via,Valencia,cddc0955,Women Leather Jacket,Outerwear,120.0,223.94,4,4,WM_SRGV,585,290
TKT-79800,2023-10-19T17:32:58,SRGV,Sara Gran Via,Valencia,fdda5da2,Kids School Uniform,Sets,35.0,223.94,4,4,KD_SRGV,585,290
TKT-79800,2023-10-19T17:32:58,SRGV,Sara Gran Via,Valencia,6f4bd33a,Women Jeans,Bottoms,49.95,223.94,4,4,WM_SRGV,585,290
TKT-31618,2023-10-19T23:56:38,SRBN,Sara Bonaire,Valencia,7720f115,Kids Denim Shorts,Bottoms,18.99,105.48,4,1,KD_SRBN,585,290
TKT-31618,2023-10-19T23:56:38,SRBN,Sara Bonaire,Valencia,7701243b,Kids Winter Coat,Outerwear,45.0,105.48,4,1,KD_SRBN,585,290
TKT-31618,2023-10-19T23:56:38,SRBN,Sara Bonaire,Valencia,2e04bbe0,Kids Pajama Set,Nightwear,22.5,105.48,4,1,KD_SRBN,585,290
TKT-31618,2023-10-19T23:56:38,SRBN,Sara Bonaire,Valencia,8c116e13,Kids Denim Shorts,Bottoms,18.99,105.48,4,1,KD_SRBN,585,290
TKT-59121,2023-10-02T07:47:16,SRSL,Sara Saler,Valencia,66a0277a,Women Summer Dress,Dresses,35.5,76.99,3,2,WM_SRSL,585,290
TKT-59121,2023-10-02T07:47:16,SRSL,Sara Saler,Valencia,b108f515,Kids Pajama Set,Nightwear,22.5,76.99,3,2,KD_SRSL,585,290
TKT-59121,2023-10-02T07:47:16,SRSL,Sara Saler,Valencia,192b4c28,Kids Denim Shorts,Bottoms,18.99,76.99,3,2,KD_SRSL,585,290
TKT-94571,2023-10-14T21:02:04,SRCL,Sara Colon,Valencia,a021c996,Women Shirt,Tops,25.99,98.44,3,1,WM_SRCL,585,290
TKT-94571,2023-10-14T21:02:04,SRCL,Sara Colon,Valencia,366479ac,Women Jeans,Bottoms,49.95,98.44,3,1,WM_SRCL,585,290
TKT-94571,2023-10-14T21:02:04,SRCL,Sara Colon,Valencia,9bad9dd7,Kids Pajama Set,Nightwear,22.5,98.44,3,1,KD_SRCL,585,290
TKT-33958,2023-10-04T20:09:01,SRAQ,Sara Aqua,Valencia,3177a04c,Kids Denim Shorts,Bottoms,18.99,63.99,2,2,KD_SRAQ,585,290
TKT-33958,2023-10-04T20:09:01,SRAQ,Sara Aqua,Valencia,821d50a6,Women Wool Sweater,Tops,45.0,63.99,2,2,WM_SRAQ,585,290
TKT-25750,2023-10-22T09:17:39,SRSL,Sara Saler,Valencia,8f7004bf,Women Shirt,Tops,25.99,85.94,2,1,WM_SRSL,585,290
TKT-25750,2023-10-22T09:17:39,SRSL,Sara Saler,Valencia,3a8ef36a,Men Denim Jacket,Outerwear,59.95,85.94,2,1,MN_SRSL,585,290
TKT-64716,2023-10-01T15:50:28,SRCL,Sara Colon,Valencia,549b1521,Women Leather Jacket,Outerwear,120.0,171.49,3,4,WM_SRCL,585,290
TKT-64716,2023-10-01T15:50:28,SRCL,Sara Colon,Valencia,cbaf78f1,Women Summer Dress,Dresses,35.5,171.49,3,4,WM_SRCL,585,290
TKT-64716,2023-10-01T15:50:28,SRCL,Sara Colon,Valencia,5979b8b8,Men Basic T-Shirt,Tops,15.99,171.49,3,4,MN_SRCL,585,290
TKT-83454,2023-10-24T13:58:03,SRAQ,Sara Aqua,Valencia,1c132859,Women Wool Sweater,Tops,45.0,93.0,3,4,WM_SRAQ,585,290
TKT-83454,2023-10-24T13:58:03,SRAQ,Sara Aqua,Valencia,cda68ee5,Kids Graphic T-Shirt,Tops,12.5,93.0,3,4,KD_SRAQ,585,290
TKT-83454,2023-10-24T13:58:03,SRAQ,Sara Aqua,Valencia,5034a454,Women Summer Dress,Dresses,35.5,93.0,3,4,WM_SRAQ,585,290
TKT-11049,2023-10-06T10:37:20,SRCL,Sara Colon,Valencia,b002de96,Kids Winter Coat,Outerwear,45.0,45.0,1,1,KD_SRCL,585,290
TKT-56521,2023-10-04T05:36:47,SRBN,Sara Bonaire,Valencia,72b156f1,Kids Graphic T-Shirt,Tops,12.5,12.5,1,1,KD_SRBN,585,290
TKT-70384,2023-10-30T10:48:29,SRAQ,Sara Aqua,Valencia,c9a52246,Kids Winter Coat,Outerwear,45.0,238.49,5,4,KD_SRAQ,585,290
TKT-70384,2023-10-30T10:48:29,SRAQ,Sara Aqua,Valencia,9aea7bb5,Women Leather Jacket,Outerwear,120.0,238.49,5,4,WM_SRAQ,585,290
TKT-70384,2023-10-30T10:48:29,SRAQ,Sara Aqua,Valencia,ac407042,Kids Graphic T-Shirt,Tops,12.5,238.49,5,4,KD_SRAQ,585,290
TKT-70384,2023-10-30T10:48:29,SRAQ,Sara Aqua,Valencia,fc5df0d2,Men Basic T-Shirt,Tops,15.99,238.49,5,4,MN_SRAQ,585,290
TKT-70384,2023-10-30T10:48:29,SRAQ,Sara Aqua,Valencia,ae2233c7,Men Hoodie,Tops,45.0,238.49,5,4,MN_SRAQ,585,290
TKT-19009,2023-10-14T06:09:08,SRAQ,Sara Aqua,Valencia,567ab069,Kids Pajama Set,Nightwear,22.5,213.49,4,4,KD_SRAQ,585,290
TKT-19009,2023-10-14T06:09:08,SRAQ,Sara Aqua,Valencia,7767017c,Women Leather Jacket,Outerwear,120.0,213.49,4,4,WM_SRAQ,585,290
TKT-19009,2023-10-14T06:09:08,SRAQ,Sara Aqua,Valencia,2800c818,Women Shirt,Tops,25.99,213.49,4,4,WM_SRAQ,585,290
TKT-19009,2023-10-14T06:09:08,SRAQ,Sara Aqua,Valencia,e8f8326e,Kids Winter Coat,Outerwear,45.0,213.49,4,4,KD_SRAQ,585,290
TKT-76839,2023-10-17T04:13:56,SRGV,Sara Gran Via,Valencia,8c84b641,Women Leather Jacket,Outerwear,120.0,227.49,4,2,WM_SRGV,585,290
TKT-76839,2023-10-17T04:13:56,SRGV,Sara Gran Via,Valencia,d17a8c6f,Kids Pajama Set,Nightwear,22.5,227.49,4,2,KD_SRGV,585,290
TKT-76839,2023-10-17T04:13:56,SRGV,Sara Gran Via,Valencia,ee524de8,Men Chino Trousers,Bottoms,39.99,227.49,4,2,MN_SRGV,585,290
TKT-76839,2023-10-17T04:13:56,SRGV,Sara Gran Via,Valencia,ff05cd18,Men Hoodie,Tops,45.0,227.49,4,2,MN_SRGV,585,290
TKT-23973,2023-10-19T07:38:28,SRCL,Sara Colon,Valencia,64845c4d,Kids Pajama Set,Nightwear,22.5,148.98,5,3,KD_SRCL,585,290
TKT-23973,2023-10-19T07:38:28,SRCL,Sara Colon,Valencia,99ecb3d2,Kids Pajama Set,Nightwear,22.5,148.98,5,3,KD_SRCL,585,290
TKT-23973,2023-10-19T07:38:28,SRCL,Sara Colon,Valencia,b1647a38,Kids Denim Shorts,Bottoms,18.99,148.98,5,3,KD_SRCL,585,290
TKT-23973,2023-10-19T07:38:28,SRCL,Sara Colon,Valencia,82857afa,Men Chino Trousers,Bottoms,39.99,148.98,5,3,MN_SRCL,585,290
TKT-23973,2023-10-19T07:38:28,SRCL,Sara Colon,Valencia,0128e9f6,Women Wool Sweater,Tops,45.0,148.98,5,3,WM_SRCL,585,290
TKT-87606,2023-10-21T13:08:24,SRAQ,Sara Aqua,Valencia,fd13d021,Men Chino Trousers,Bottoms,39.99,110.49,3,4,MN_SRAQ,585,290
TKT-87606,2023-10-21T13:08:24,SRAQ,Sara Aqua,Valencia,69fc3382,Women Summer Dress,Dresses,35.5,110.49,3,4,WM_SRAQ,585,290
TKT-87606,2023-10-21T13:08:24,SRAQ,Sara Aqua,Valencia,5c1858d3,Kids School Uniform,Sets,35.0,110.49,3,4,KD_SRAQ,585,290
TKT-22466,2023-10-07T00:57:28,SRGV,Sara Gran Via,Valencia,d692ec68,Men Denim Jacket,Outerwear,59.95,265.89,4,4,MN_SRGV,585,290
TKT-22466,2023-10-07T00:57:28,SRGV,Sara Gran Via,Valencia,935cef69,Women Leather Jacket,Outerwear,120.0,265.89,4,4,WM_SRGV,585,290
TKT-22466,2023-10-07T00:57:28,SRGV,Sara Gran Via,Valencia,946453a5,Men Denim Jacket,Outerwear,59.95,265.89,4,4,MN_SRGV,585,290
TKT-22466,2023-10-07T00:57:28,SRGV,Sara Gran Via,Valencia,3a6bc017,Women Shirt,Tops,25.99,265.89,4,4,WM_SRGV,585,290
TKT-50823,2023-10-09T09:09:37,SRBN,Sara Bonaire,Valencia,7deda542,Women Wool Sweater,Tops,45.0,340.0,3,2,WM_SRBN,585,290
TKT-50823,2023-10-09T09:09:37,SRBN,Sara Bonaire,Valencia,1b3f1aba,Men Tailored Suit,Suits,250.0,340.0,3,2,MN_SRBN,585,290
TKT-50823,2023-10-09T09:09:37,SRBN,Sara Bonaire,Valencia,e1755487,Kids Winter Coat,Outerwear,45.0,340.0,3,2,KD_SRBN,585,290
TKT-65279,2023-10-04T22:17:20,SRCL,Sara Colon,Valencia,ff377ade,Men Tailored Suit,Suits,250.0,371.98,5,1,MN_SRCL,585,290
TKT-65279,2023-10-04T22:17:20,SRCL,Sara Colon,Valencia,cf9f3d7a,Kids Winter Coat,Outerwear,45.0,371.98,5,1,KD_SRCL,585,290
TKT-65279,2023-10-04T22:17:20,SRCL,Sara Colon,Valencia,ff122164,Men Basic T-Shirt,Tops,15.99,371.98,5,1,MN_SRCL,585,290
TKT-65279,2023-10-04T22:17:20,SRCL,Sara Colon,Valencia,61d93d67,Men Basic T-Shirt,Tops,15.99,371.98,5,1,MN_SRCL,585,290
TKT-65279,2023-10-04T22:17:20,SRCL,Sara Colon,Valencia,4beae333,Women Wool Sweater,Tops,45.0,371.98,5,1,WM_SRCL,585,290
TKT-47629,2023-10-16T18:58:51,SRGV,Sara Gran Via,Valencia,d2c0eefa,Men Chino Trousers,Bottoms,39.99,91.97,3,2,MN_SRGV,585,290
TKT-47629,2023-10-16T18:58:51,SRGV,Sara Gran Via,Valencia,dd5718b4,Women Shirt,Tops,25.99,91.97,3,2,WM_SRGV,585,290
TKT-47629,2023-10-16T18:58:51,SRGV,Sara Gran Via,Valencia,ce9c5a73,Women Shirt,Tops,25.99,91.97,3,2,WM_SRGV,585,290
TKT-84210,2023-10-24T07:03:55,SRSL,Sara Saler,Valencia,7946497e,Kids Graphic T-Shirt,Tops,12.5,12.5,1,1,KD_SRSL,585,290
TKT-95637,2023-10-28T08:57:28,SRAQ,Sara Aqua,Valencia,5ef73c64,Men Tailored Suit,Suits,250.0,659.99,4,3,MN_SRAQ,585,290
TKT-95637,2023-10-28T08:57:28,SRAQ,Sara Aqua,Valencia,b679566e,Women Leather Jacket,Outerwear,120.0,659.99,4,3,WM_SRAQ,585,290
TKT-95637,2023-10-28T08:57:28,SRAQ,Sara Aqua,Valencia,ec1f7687,Men Tailored Suit,Suits,250.0,659.99,4,3,MN_SRAQ,585,290
TKT-95637,2023-10-28T08:57:28,SRAQ,Sara Aqua,Valencia,b2afc02e,Men Chino Trousers,Bottoms,39.99,659.99,4,3,MN_SRAQ,585,290
TKT-34432,2023-10-19T23:18:55,SRBN,Sara Bonaire,Valencia,741b132d,Women Shirt,Tops,25.99,93.49,3,2,WM_SRBN,585,290
TKT-34432,2023-10-19T23:18:55,SRBN,Sara Bonaire,Valencia,b7f17ec2,Kids Pajama Set,Nightwear,22.5,93.49,3,2,KD_SRBN,585,290
TKT-34432,2023-10-19T23:18:55,SRBN,Sara Bonaire,Valencia,91b63742,Men Hoodie,Tops,45.0,93.49,3,2,MN_SRBN,585,290
TKT-77380,2023-10-13T00:31:06,SRGV,Sara Gran Via,Valencia,69ffa80b,Kids Pajama Set,Nightwear,22.5,149.95,4,4,KD_SRGV,585,290
TKT-77380,2023-10-13T00:31:06,SRGV,Sara Gran Via,Valencia,189d64a0,Men Denim Jacket,Outerwear,59.95,149.95,4,4,MN_SRGV,585,290
TKT-77380,2023-10-13T00:31:06,SRGV,Sara Gran Via,Valencia,bac0d1e4,Kids Pajama Set,Nightwear,22.5,149.95,4,4,KD_SRGV,585,290
TKT-77380,2023-10-13T00:31:06,SRGV,Sara Gran Via,Valencia,e96ba4c3,Kids Winter Coat,Outerwear,45.0,149.95,4,4,KD_SRGV,585,290
TKT-59550,2023-10-15T11:05:05,SRGV,Sara Gran Via,Valencia,008f0fbb,Kids School Uniform,Sets,35.0,381.98,5,4,KD_SRGV,585,290
TKT-59550,2023-10-15T11:05:05,SRGV,Sara Gran Via,Valencia,88aad7d9,Men Hoodie,Tops,45.0,381.98,5,4,MN_SRGV,585,290
TKT-59550,2023-10-15T11:05:05,SRGV,Sara Gran Via,Valencia,6c49ecd0,Men Tailored Suit,Suits,250.0,381.98,5,4,MN_SRGV,585,290
TKT-59550,2023-10-15T11:05:05,SRGV,Sara Gran Via,Valencia,1bf7a3fa,Women Shirt,Tops,25.99,381.98,5,4,WM_SRGV,585,290
TKT-59550,2023-10-15T11:05:05,SRGV,Sara Gran Via,Valencia,6061cf93,Women Shirt,Tops,25.99,381.98,5,4,WM_SRGV,585,290
TKT-90186,2023-10-03T17:52:29,SRAQ,Sara Aqua,Valencia,58805e9f,Men Denim Jacket,Outerwear,59.95,59.95,1,4,MN_SRAQ,585,290
TKT-70875,2023-10-03T19:35:25,SRBN,Sara Bonaire,Valencia,52c5ebbb,Kids Graphic T-Shirt,Tops,12.5,123.44,4,2,KD_SRBN,585,290
TKT-70875,2023-10-03T19:35:25,SRBN,Sara Bonaire,Valencia,061d6041,Men Hoodie,Tops,45.0,123.44,4,2,MN_SRBN,585,290
TKT-70875,2023-10-03T19:35:25,SRBN,Sara Bonaire,Valencia,928d3180,Men Basic T-Shirt,Tops,15.99,123.44,4,2,MN_SRBN,585,290
TKT-70875,2023-10-03T19:35:25,SRBN,Sara Bonaire,Valencia,3b111b6a,Women Jeans,Bottoms,49.95,123.44,4,2,WM_SRBN,585,290
TKT-99834,2023-10-30T06:30:35,SRSL,Sara Saler,Valencia,91b8bfcd,Women Leather Jacket,Outerwear,120.0,155.0,2,4,WM_SRSL,585,290
TKT-99834,2023-10-30T06:30:35,SRSL,Sara Saler,Valencia,41104b00,Kids School Uniform,Sets,35.0,155.0,2,4,KD_SRSL,585,290
TKT-54417,2023-10-23T03:39:35,SRCL,Sara Colon,Valencia,5523e179,Men Basic T-Shirt,Tops,15.99,98.99,5,2,MN_SRCL,585,290
TKT-54417,2023-10-23T03:39:35,SRCL,Sara Colon,Valencia,09396363,Women Summer Dress,Dresses,35.5,98.99,5,2,WM_SRCL,585,290
TKT-54417,2023-10-23T03:39:35,SRCL,Sara Colon,Valencia,583d0fd8,Kids Pajama Set,Nightwear,22.5,98.99,5,2,KD_SRCL,585,290
TKT-54417,2023-10-23T03:39:35,SRCL,Sara Colon,Valencia,c178571b,Kids Graphic T-Shirt,Tops,12.5,98.99,5,2,KD_SRCL,585,290
TKT-54417,2023-10-23T03:39:35,SRCL,Sara Colon,Valencia,de5d2973,Kids Graphic T-Shirt,Tops,12.5,98.99,5,2,KD_SRCL,585,290
TKT-75937,2023-10-14T12:28:42,SRCL,Sara Colon,Valencia,d50f4c5e,Women Summer Dress,Dresses,35.5,356.49,4,4,WM_SRCL,585,290
TKT-75937,2023-10-14T12:28:42,SRCL,Sara Colon,Valencia,b968fc76,Women Shirt,Tops,25.99,356.49,4,4,WM_SRCL,585,290
TKT-75937,2023-10-14T12:28:42,SRCL,Sara Colon,Valencia,553c1a9f,Men Hoodie,Tops,45.0,356.49,4,4,MN_SRCL,585,290
TKT-75937,2023-10-14T12:28:42,SRCL,Sara Colon,Valencia,820098e8,Men Tailored Suit,Suits,250.0,356.49,4,4,MN_SRCL,585,290
TKT-23911,2023-10-11T05:45:27,SRAQ,Sara Aqua,Valencia,d14ac673,Kids Graphic T-Shirt,Tops,12.5,285.0,3,2,KD_SRAQ,585,290
TKT-23911,2023-10-11T05:45:27,SRAQ,Sara Aqua,Valencia,3dab2dcf,Men Tailored Suit,Suits,250.0,285.0,3,2,MN_SRAQ,585,290
TKT-23911,2023-10-11T05:45:27,SRAQ,Sara Aqua,Valencia,02b4325a,Kids Pajama Set,Nightwear,22.5,285.0,3,2,KD_SRAQ,585,290
TKT-71123,2023-10-24T14:14:56,SRSL,Sara Saler,Valencia,52319d77,Kids Winter Coat,Outerwear,45.0,45.0,1,2,KD_SRSL,585,290
TKT-69770,2023-10-11T11:56:11,SRBN,Sara Bonaire,Valencia,ae151c5a,Men Tailored Suit,Suits,250.0,415.0,3,3,MN_SRBN,585,290
TKT-69770,2023-10-11T11:56:11,SRBN,Sara Bonaire,Valencia,d6a6b4d8,Kids Winter Coat,Outerwear,45.0,415.0,3,3,KD_SRBN,585,290
TKT-69770,2023-10-11T11:56:11,SRBN,Sara Bonaire,Valencia,02074f3c,Women Leather Jacket,Outerwear,120.0,415.0,3,3,WM_SRBN,585,290
TKT-17712,2023-10-12T23:52:07,SRAQ,Sara Aqua,Valencia,3075fa4c,Women Leather Jacket,Outerwear,120.0,157.98,3,3,WM_SRAQ,585,290
TKT-17712,2023-10-12T23:52:07,SRAQ,Sara Aqua,Valencia,45bc6e8d,Kids Denim Shorts,Bottoms,18.99,157.98,3,3,KD_SRAQ,585,290
TKT-17712,2023-10-12T23:52:07,SRAQ,Sara Aqua,Valencia,508f3c59,Kids Denim Shorts,Bottoms,18.99,157.98,3,3,KD_SRAQ,585,290
TKT-29732,2023-10-23T02:51:07,SRSL,Sara Saler,Valencia,a8a4faf7,Kids Pajama Set,Nightwear,22.5,232.44,4,1,KD_SRSL,585,290
TKT-29732,2023-10-23T02:51:07,SRSL,Sara Saler,Valencia,223840af,Women Jeans,Bottoms,49.95,232.44,4,1,WM_SRSL,585,290
TKT-29732,2023-10-23T02:51:07,SRSL,Sara Saler,Valencia,19b2f3ed,Women Leather Jacket,Outerwear,120.0,232.44,4,1,WM_SRSL,585,290
TKT-29732,2023-10-23T02:51:07,SRSL,Sara Saler,Valencia,fe541b21,Men Chino Trousers,Bottoms,39.99,232.44,4,1,MN_SRSL,585,290
TKT-18976,2023-10-12T06:24:35,SRSL,Sara Saler,Valencia,1e46a678,Kids Pajama Set,Nightwear,22.5,822.45,5,4,KD_SRSL,585,290
TKT-18976,2023-10-12T06:24:35,SRSL,Sara Saler,Valencia,8bff7c37,Women Jeans,Bottoms,49.95,822.45,5,4,WM_SRSL,585,290
TKT-18976,2023-10-12T06:24:35,SRSL,Sara Saler,Valencia,0bfcdd49,Men Tailored Suit,Suits,250.0,822.45,5,4,MN_SRSL,585,290
TKT-18976,2023-10-12T06:24:35,SRSL,Sara Saler,Valencia,9f07aad8,Men Tailored Suit,Suits,250.0,822.45,5,4,MN_SRSL,585,290
TKT-18976,2023-10-12T06:24:35,SRSL,Sara Saler,Valencia,90b3a645,Men Tailored Suit,Suits,250.0,822.45,5,4,MN_SRSL,585,290
TKT-50430,2023-10-04T01:39:29,SRAQ,Sara Aqua,Valencia,262d34c3,Women Wool Sweater,Tops,45.0,125.0,4,3,WM_SRAQ,585,290
TKT-50430,2023-10-04T01:39:29,SRAQ,Sara Aqua,Valencia,bed87e7c,Kids Graphic T-Shirt,Tops,12.5,125.0,4,3,KD_SRAQ,585,290
TKT-50430,2023-10-04T01:39:29,SRAQ,Sara Aqua,Valencia,4545d20d,Women Wool Sweater,Tops,45.0,125.0,4,3,WM_SRAQ,585,290
TKT-50430,2023-10-04T01:39:29,SRAQ,Sara Aqua,Valencia,cd3fe68b,Kids Pajama Set,Nightwear,22.5,125.0,4,3,KD_SRAQ,585,290
TKT-78037,2023-10-07T13:28:53,SRSL,Sara Saler,Valencia,b3d207aa,Women Wool Sweater,Tops,45.0,187.49,5,4,WM_SRSL,585,290
TKT-78037,2023-10-07T13:28:53,SRSL,Sara Saler,Valencia,9fad6ee7,Kids Graphic T-Shirt,Tops,12.5,187.49,5,4,KD_SRSL,585,290
TKT-78037,2023-10-07T13:28:53,SRSL,Sara Saler,Valencia,fe76037d,Kids Winter Coat,Outerwear,45.0,187.49,5,4,KD_SRSL,585,290
TKT-78037,2023-10-07T13:28:53,SRSL,Sara Saler,Valencia,83b71ce5,Men Hoodie,Tops,45.0,187.49,5,4,MN_SRSL,585,290
TKT-78037,2023-10-07T13:28:53,SRSL,Sara Saler,Valencia,990aa9b8,Men Chino Trousers,Bottoms,39.99,187.49,5,4,MN_SRSL,585,290
TKT-90816,2023-10-13T08:47:20,SRCL,Sara Colon,Valencia,1bd34c1b,Men Hoodie,Tops,45.0,150.99,4,2,MN_SRCL,585,290
TKT-90816,2023-10-13T08:47:20,SRCL,Sara Colon,Valencia,4531462c,Men Hoodie,Tops,45.0,150.99,4,2,MN_SRCL,585,290
TKT-90816,2023-10-13T08:47:20,SRCL,Sara Colon,Valencia,5f2f067d,Kids Winter Coat,Outerwear,45.0,150.99,4,2,KD_SRCL,585,290
TKT-90816,2023-10-13T08:47:20,SRCL,Sara Colon,Valencia,274995d1,Men Basic T-Shirt,Tops,15.99,150.99,4,2,MN_SRCL,585,290
TKT-41886,2023-10-30T05:39:16,SRCL,Sara Colon,Valencia,57a5b7a5,Women Jeans,Bottoms,49.95,161.39,4,1,WM_SRCL,585,290
TKT-41886,2023-10-30T05:39:16,SRCL,Sara Colon,Valencia,a25d9982,Women Jeans,Bottoms,49.95,161.39,4,1,WM_SRCL,585,290
TKT-41886,2023-10-30T05:39:16,SRCL,Sara Colon,Valencia,84e4728b,Women Shirt,Tops,25.99,161.39,4,1,WM_SRCL,585,290
TKT-41886,2023-10-30T05:39:16,SRCL,Sara Colon,Valencia,250e8679,Women Summer Dress,Dresses,35.5,161.39,4,1,WM_SRCL,585,290
TKT-31975,2023-10-22T11:42:42,SRBN,Sara Bonaire,Valencia,d8266275,Men Hoodie,Tops,45.0,90.0,2,2,MN_SRBN,585,290
TKT-31975,2023-10-22T11:42:42,SRBN,Sara Bonaire,Valencia,233625b0,Men Hoodie,Tops,45.0,90.0,2,2,MN_SRBN,585,290
TKT-91745,2023-10-25T00:06:19,SRBN,Sara Bonaire,Valencia,869da13e,Women Wool Sweater,Tops,45.0,225.99,4,1,WM_SRBN,585,290
TKT-91745,2023-10-25T00:06:19,SRBN,Sara Bonaire,Valencia,6b3a635a,Women Leather Jacket,Outerwear,120.0,225.99,4,1,WM_SRBN,585,290
TKT-91745,2023-10-25T00:06:19,SRBN,Sara Bonaire,Valencia,5c75e73a,Men Hoodie,Tops,45.0,225.99,4,1,MN_SRBN,585,290
TKT-91745,2023-10-25T00:06:19,SRBN,Sara Bonaire,Valencia,4b31c0cd,Men Basic T-Shirt,Tops,15.99,225.99,4,1,MN_SRBN,585,290
TKT-13681,2023-10-02T19:15:45,SRCL,Sara Colon,Valencia,8c9fcdd5,Women Jeans,Bottoms,49.95,109.9,2,4,WM_SRCL,585,290
TKT-13681,2023-10-02T19:15:45,SRCL,Sara Colon,Valencia,4a7ec21a,Men Denim Jacket,Outerwear,59.95,109.9,2,4,MN_SRCL,585,290
TKT-29064,2023-10-26T13:08:22,SRGV,Sara Gran Via,Valencia,862dcb4a,Women Wool Sweater,Tops,45.0,45.0,1,4,WM_SRGV,585,290
TKT-35074,2023-10-19T09:41:40,SRSL,Sara Saler,Valencia,ebc230c0,Men Chino Trousers,Bottoms,39.99,74.97,3,3,MN_SRSL,585,290
TKT-35074,2023-10-19T09:41:40,SRSL,Sara Saler,Valencia,d63c33fd,Men Basic T-Shirt,Tops,15.99,74.97,3,3,MN_SRSL,585,290
TKT-35074,2023-10-19T09:41:40,SRSL,Sara Saler,Valencia,26a0f672,Kids Denim Shorts,Bottoms,18.99,74.97,3,3,KD_SRSL,585,290
TKT-99450,2023-10-09T14:25:46,SRBN,Sara Bonaire,Valencia,7563c241,Men Denim Jacket,Outerwear,59.95,219.94,3,2,MN_SRBN,585,290
TKT-99450,2023-10-09T14:25:46,SRBN,Sara Bonaire,Valencia,5ab7cc6b,Men Chino Trousers,Bottoms,39.99,219.94,3,2,MN_SRBN,585,290
TKT-99450,2023-10-09T14:25:46,SRBN,Sara Bonaire,Valencia,fdaf06b8,Women Leather Jacket,Outerwear,120.0,219.94,3,2,WM_SRBN,585,290
TKT-32561,2023-10-22T11:33:53,SRAQ,Sara Aqua,Valencia,12cc4612,Women Wool Sweater,Tops,45.0,128.49,4,4,WM_SRAQ,585,290
TKT-32561,2023-10-22T11:33:53,SRAQ,Sara Aqua,Valencia,c060a29c,Kids Graphic T-Shirt,Tops,12.5,128.49,4,4,KD_SRAQ,585,290
TKT-32561,2023-10-22T11:33:53,SRAQ,Sara Aqua,Valencia,ead1011b,Kids Winter Coat,Outerwear,45.0,128.49,4,4,KD_SRAQ,585,290
TKT-32561,2023-10-22T11:33:53,SRAQ,Sara Aqua,Valencia,7f910a0a,Women Shirt,Tops,25.99,128.49,4,4,WM_SRAQ,585,290
TKT-73549,2023-10-24T09:32:24,SRBN,Sara Bonaire,Valencia,9223da7c,Men Basic T-Shirt,Tops,15.99,96.49,3,2,MN_SRBN,585,290
TKT-73549,2023-10-24T09:32:24,SRBN,Sara Bonaire,Valencia,8aa08d40,Men Hoodie,Tops,45.0,96.49,3,2,MN_SRBN,585,290
TKT-73549,2023-10-24T09:32:24,SRBN,Sara Bonaire,Valencia,9f563351,Women Summer Dress,Dresses,35.5,96.49,3,2,WM_SRBN,585,290
TKT-18996,2023-10-02T01:27:51,SRGV,Sara Gran Via,Valencia,86a8e65a,Women Jeans,Bottoms,49.95,88.44,3,1,WM_SRGV,585,290
TKT-18996,2023-10-02T01:27:51,SRGV,Sara Gran Via,Valencia,c0ab149e,Kids Graphic T-Shirt,Tops,12.5,88.44,3,1,KD_SRGV,585,290
TKT-18996,2023-10-02T01:27:51,SRGV,Sara Gran Via,Valencia,3a6c10c9,Women Shirt,Tops,25.99,88.44,3,1,WM_SRGV,585,290
TKT-59563,2023-10-18T06:12:35,SRCL,Sara Colon,Valencia,e1ec267e,Kids School Uniform,Sets,35.0,35.0,1,4,KD_SRCL,585,290
TKT-59732,2023-10-29T14:16:42,SRAQ,Sara Aqua,Valencia,b2d90c92,Men Denim Jacket,Outerwear,59.95,264.94,4,4,MN_SRAQ,585,290
TKT-59732,2023-10-29T14:16:42,SRAQ,Sara Aqua,Valencia,ef870c25,Women Leather Jacket,Outerwear,120.0,264.94,4,4,WM_SRAQ,585,290
TKT-59732,2023-10-29T14:16:42,SRAQ,Sara Aqua,Valencia,b2bfd144,Men Chino Trousers,Bottoms,39.99,264.94,4,4,MN_SRAQ,585,290
TKT-59732,2023-10-29T14:16:42,SRAQ,Sara Aqua,Valencia,2735b34b,Kids Winter Coat,Outerwear,45.0,264.94,4,4,KD_SRAQ,585,290
TKT-61338,2023-10-09T12:52:00,SRSL,Sara Saler,Valencia,2e778180,Kids Pajama Set,Nightwear,22.5,602.5,5,1,KD_SRSL,585,290
TKT-61338,2023-10-09T12:52:00,SRSL,Sara Saler,Valencia,05804ff4,Men Tailored Suit,Suits,250.0,602.5,5,1,MN_SRSL,585,290
TKT-61338,2023-10-09T12:52:00,SRSL,Sara Saler,Valencia,b5204f3a,Men Tailored Suit,Suits,250.0,602.5,5,1,MN_SRSL,585,290
TKT-61338,2023-10-09T12:52:00,SRSL,Sara Saler,Valencia,7c4f086d,Kids School Uniform,Sets,35.0,602.5,5,1,KD_SRSL,585,290
TKT-61338,2023-10-09T12:52:00,SRSL,Sara Saler,Valencia,e4566b49,Men Hoodie,Tops,45.0,602.5,5,1,MN_SRSL,585,290
TKT-68841,2023-10-22T00:29:23,SRBN,Sara Bonaire,Valencia,fca2e9a9,Kids Winter Coat,Outerwear,45.0,45.0,1,4,KD_SRBN,585,290
TKT-48017,2023-10-21T14:09:49,SRCL,Sara Colon,Valencia,7a44793a,Men Denim Jacket,Outerwear,59.95,169.85,3,3,MN_SRCL,585,290
TKT-48017,2023-10-21T14:09:49,SRCL,Sara Colon,Valencia,9450f173,Women Jeans,Bottoms,49.95,169.85,3,3,WM_SRCL,585,290
TKT-48017,2023-10-21T14:09:49,SRCL,Sara Colon,Valencia,d6b41263,Men Denim Jacket,Outerwear,59.95,169.85,3,3,MN_SRCL,585,290
TKT-18147,2023-10-03T10:38:54,SRCL,Sara Colon,Valencia,c82b5e52,Kids Graphic T-Shirt,Tops,12.5,133.99,5,3,KD_SRCL,585,290
TKT-18147,2023-10-03T10:38:54,SRCL,Sara Colon,Valencia,10ed14bd,Kids Graphic T-Shirt,Tops,12.5,133.99,5,3,KD_SRCL,585,290
TKT-18147,2023-10-03T10:38:54,SRCL,Sara Colon,Valencia,ddfd0736,Kids Winter Coat,Outerwear,45.0,133.99,5,3,KD_SRCL,585,290
TKT-18147,2023-10-03T10:38:54,SRCL,Sara Colon,Valencia,f363bbde,Kids Denim Shorts,Bottoms,18.99,133.99,5,3,KD_SRCL,585,290
TKT-18147,2023-10-03T10:38:54,SRCL,Sara Colon,Valencia,43ec9165,Women Wool Sweater,Tops,45.0,133.99,5,3,WM_SRCL,585,290
TKT-82441,2023-10-23T02:37:12,SRAQ,Sara Aqua,Valencia,f8937060,Men Basic T-Shirt,Tops,15.99,15.99,1,1,MN_SRAQ,585,290
TKT-59847,2023-10-02T23:33:46,SRCL,Sara Colon,Valencia,887c1710,Men Basic T-Shirt,Tops,15.99,131.49,5,1,MN_SRCL,585,290
TKT-59847,2023-10-02T23:33:46,SRCL,Sara Colon,Valencia,7c3d6516,Kids Pajama Set,Nightwear,22.5,131.49,5,1,KD_SRCL,585,290
TKT-59847,2023-10-02T23:33:46,SRCL,Sara Colon,Valencia,914b3702,Women Summer Dress,Dresses,35.5,131.49,5,1,WM_SRCL,585,290
TKT-59847,2023-10-02T23:33:46,SRCL,Sara Colon,Valencia,910233ca,Men Hoodie,Tops,45.0,131.49,5,1,MN_SRCL,585,290
TKT-59847,2023-10-02T23:33:46,SRCL,Sara Colon,Valencia,d0e87a78,Kids Graphic T-Shirt,Tops,12.5,131.49,5,1,KD_SRCL,585,290
TKT-31174,2023-10-05T06:37:47,SRCL,Sara Colon,Valencia,75312dd2,Women Wool Sweater,Tops,45.0,90.0,2,3,WM_SRCL,585,290
TKT-31174,2023-10-05T06:37:47,SRCL,Sara Colon,Valencia,67049b39,Kids Winter Coat,Outerwear,45.0,90.0,2,3,KD_SRCL,585,290
TKT-82264,2023-10-27T09:27:55,SRGV,Sara Gran Via,Valencia,7d6317c0,Women Leather Jacket,Outerwear,120.0,277.44,5,2,WM_SRGV,585,290
TKT-82264,2023-10-27T09:27:55,SRGV,Sara Gran Via,Valencia,b553100a,Men Chino Trousers,Bottoms,39.99,277.44,5,2,MN_SRGV,585,290
TKT-82264,2023-10-27T09:27:55,SRGV,Sara Gran Via,Valencia,0d042b63,Kids Winter Coat,Outerwear,45.0,277.44,5,2,KD_SRGV,585,290
TKT-82264,2023-10-27T09:27:55,SRGV,Sara Gran Via,Valencia,b0b111ae,Kids Pajama Set,Nightwear,22.5,277.44,5,2,KD_SRGV,585,290
TKT-82264,2023-10-27T09:27:55,SRGV,Sara Gran Via,Valencia,3886e347,Women Jeans,Bottoms,49.95,277.44,5,2,WM_SRGV,585,290
TKT-79629,2023-10-12T02:54:49,SRCL,Sara Colon,Valencia,cdfc54ff,Kids Graphic T-Shirt,Tops,12.5,118.49,4,4,KD_SRCL,585,290
TKT-79629,2023-10-12T02:54:49,SRCL,Sara Colon,Valencia,c3405259,Men Basic T-Shirt,Tops,15.99,118.49,4,4,MN_SRCL,585,290
TKT-79629,2023-10-12T02:54:49,SRCL,Sara Colon,Valencia,9ad9f6d3,Kids Winter Coat,Outerwear,45.0,118.49,4,4,KD_SRCL,585,290
TKT-79629,2023-10-12T02:54:49,SRCL,Sara Colon,Valencia,90244ed5,Men Hoodie,Tops,45.0,118.49,4,4,MN_SRCL,585,290
TKT-21926,2023-10-16T20:25:48,SRCL,Sara Colon,Valencia,4b83b64b,Women Leather Jacket,Outerwear,120.0,259.95,4,4,WM_SRCL,585,290
TKT-21926,2023-10-16T20:25:48,SRCL,Sara Colon,Valencia,11338d23,Men Denim Jacket,Outerwear,59.95,259.95,4,4,MN_SRCL,585,290
TKT-21926,2023-10-16T20:25:48,SRCL,Sara Colon,Valencia,02f824f7,Kids Winter Coat,Outerwear,45.0,259.95,4,4,KD_SRCL,585,290
TKT-21926,2023-10-16T20:25:48,SRCL,Sara Colon,Valencia,bc0ed3d5,Kids School Uniform,Sets,35.0,259.95,4,4,KD_SRCL,585,290
TKT-83274,2023-10-30T04:47:36,SRCL,Sara Colon,Valencia,cdf1c13b,Kids School Uniform,Sets,35.0,143.99,5,4,KD_SRCL,585,290
TKT-83274,2023-10-30T04:47:36,SRCL,Sara Colon,Valencia,b6220777,Men Basic T-Shirt,Tops,15.99,143.99,5,4,MN_SRCL,585,290
TKT-83274,2023-10-30T04:47:36,SRCL,Sara Colon,Valencia,d3736a8d,Women Wool Sweater,Tops,45.0,143.99,5,4,WM_SRCL,585,290
TKT-83274,2023-10-30T04:47:36,SRCL,Sara Colon,Valencia,33924cf0,Women Summer Dress,Dresses,35.5,143.99,5,4,WM_SRCL,585,290
TKT-83274,2023-10-30T04:47:36,SRCL,Sara Colon,Valencia,81d1b050,Kids Graphic T-Shirt,Tops,12.5,143.99,5,4,KD_SRCL,585,290
TKT-17475,2023-10-13T17:36:24,SRAQ,Sara Aqua,Valencia,a51b4a58,Kids Winter Coat,Outerwear,45.0,362.48,5,3,KD_SRAQ,585,290
TKT-17475,2023-10-13T17:36:24,SRAQ,Sara Aqua,Valencia,1360dee7,Women Shirt,Tops,25.99,362.48,5,3,WM_SRAQ,585,290
TKT-17475,2023-10-13T17:36:24,SRAQ,Sara Aqua,Valencia,3b511b5f,Kids Pajama Set,Nightwear,22.5,362.48,5,3,KD_SRAQ,585,290
TKT-17475,2023-10-13T17:36:24,SRAQ,Sara Aqua,Valencia,f1f1f838,Men Tailored Suit,Suits,250.0,362.48,5,3,MN_SRAQ,585,290
TKT-17475,2023-10-13T17:36:24,SRAQ,Sara Aqua,Valencia,e40ded01,Kids Denim Shorts,Bottoms,18.99,362.48,5,3,KD_SRAQ,585,290
TKT-41052,2023-10-10T07:44:59,SRCL,Sara Colon,Valencia,4c820e13,Women Wool Sweater,Tops,45.0,108.99,3,2,WM_SRCL,585,290
TKT-41052,2023-10-10T07:44:59,SRCL,Sara Colon,Valencia,748af935,Kids Denim Shorts,Bottoms,18.99,108.99,3,2,KD_SRCL,585,290
TKT-41052,2023-10-10T07:44:59,SRCL,Sara Colon,Valencia,94807c6d,Women Wool Sweater,Tops,45.0,108.99,3,2,WM_SRCL,585,290
TKT-41497,2023-10-02T19:33:35,SRCL,Sara Colon,Valencia,b8a5b7c2,Women Summer Dress,Dresses,35.5,80.5,2,1,WM_SRCL,585,290
TKT-41497,2023-10-02T19:33:35,SRCL,Sara Colon,Valencia,c442cf38,Women Wool Sweater,Tops,45.0,80.5,2,1,WM_SRCL,585,290
TKT-48149,2023-10-26T10:46:06,SRSL,Sara Saler,Valencia,4c0b255f,Kids Pajama Set,Nightwear,22.5,123.44,4,3,KD_SRSL,585,290
TKT-48149,2023-10-26T10:46:06,SRSL,Sara Saler,Valencia,1627cb26,Women Jeans,Bottoms,49.95,123.44,4,3,WM_SRSL,585,290
TKT-48149,2023-10-26T10:46:06,SRSL,Sara Saler,Valencia,6a8b5e08,Men Basic T-Shirt,Tops,15.99,123.44,4,3,MN_SRSL,585,290
TKT-48149,2023-10-26T10:46:06,SRSL,Sara Saler,Valencia,554a8a21,Kids School Uniform,Sets,35.0,123.44,4,3,KD_SRSL,585,290
TKT-14132,2023-10-20T22:04:24,SRGV,Sara Gran Via,Valencia,b210dd23,Men Denim Jacket,Outerwear,59.95,59.95,1,2,MN_SRGV,585,290
TKT-65410,2023-10-19T20:13:38,SRCL,Sara Colon,Valencia,0428cad3,Women Summer Dress,Dresses,35.5,174.49,3,2,WM_SRCL,585,290
TKT-65410,2023-10-19T20:13:38,SRCL,Sara Colon,Valencia,1a963f4c,Women Leather Jacket,Outerwear,120.0,174.49,3,2,WM_SRCL,585,290
TKT-65410,2023-10-19T20:13:38,SRCL,Sara Colon,Valencia,9ed3ec04,Kids Denim Shorts,Bottoms,18.99,174.49,3,2,KD_SRCL,585,290
TKT-16635,2023-10-11T00:39:18,SRBN,Sara Bonaire,Valencia,4bfaee43,Men Chino Trousers,Bottoms,39.99,100.98,3,4,MN_SRBN,585,290
TKT-16635,2023-10-11T00:39:18,SRBN,Sara Bonaire,Valencia,091bd380,Women Shirt,Tops,25.99,100.98,3,4,WM_SRBN,585,290
TKT-16635,2023-10-11T00:39:18,SRBN,Sara Bonaire,Valencia,bf2559cf,Kids School Uniform,Sets,35.0,100.98,3,4,KD_SRBN,585,290
TKT-17455,2023-10-07T00:14:05,SRBN,Sara Bonaire,Valencia,771e858c,Men Denim Jacket,Outerwear,59.95,454.89,5,1,MN_SRBN,585,290
TKT-17455,2023-10-07T00:14:05,SRBN,Sara Bonaire,Valencia,93bef1f0,Men Tailored Suit,Suits,250.0,454.89,5,1,MN_SRBN,585,290
TKT-17455,2023-10-07T00:14:05,SRBN,Sara Bonaire,Valencia,70a4d9e3,Women Wool Sweater,Tops,45.0,454.89,5,1,WM_SRBN,585,290
TKT-17455,2023-10-07T00:14:05,SRBN,Sara Bonaire,Valencia,0cea4972,Men Chino Trousers,Bottoms,39.99,454.89,5,1,MN_SRBN,585,290
TKT-17455,2023-10-07T00:14:05,SRBN,Sara Bonaire,Valencia,0f2e4484,Men Denim Jacket,Outerwear,59.95,454.89,5,1,MN_SRBN,585,290
TKT-67810,2023-10-13T03:10:18,SRCL,Sara Colon,Valencia,567abb21,Men Hoodie,Tops,45.0,235.99,4,1,MN_SRCL,585,290
TKT-67810,2023-10-13T03:10:18,SRCL,Sara Colon,Valencia,053602cf,Women Shirt,Tops,25.99,235.99,4,1,WM_SRCL,585,290
TKT-67810,2023-10-13T03:10:18,SRCL,Sara Colon,Valencia,6406789e,Women Wool Sweater,Tops,45.0,235.99,4,1,WM_SRCL,585,290
TKT-67810,2023-10-13T03:10:18,SRCL,Sara Colon,Valencia,12ed36e8,Women Leather Jacket,Outerwear,120.0,235.99,4,1,WM_SRCL,585,290
TKT-81745,2023-10-26T11:14:27,SRBN,Sara Bonaire,Valencia,aef33203,Men Denim Jacket,Outerwear,59.95,179.95,2,1,MN_SRBN,585,290
TKT-81745,2023-10-26T11:14:27,SRBN,Sara Bonaire,Valencia,6f1b5bc5,Women Leather Jacket,Outerwear,120.0,179.95,2,1,WM_SRBN,585,290
TKT-47416,2023-10-06T21:48:43,SRAQ,Sara Aqua,Valencia,ba36f0d2,Kids Denim Shorts,Bottoms,18.99,131.39,4,3,KD_SRAQ,585,290
TKT-47416,2023-10-06T21:48:43,SRAQ,Sara Aqua,Valencia,4ffb7174,Kids Graphic T-Shirt,Tops,12.5,131.39,4,3,KD_SRAQ,585,290
TKT-47416,2023-10-06T21:48:43,SRAQ,Sara Aqua,Valencia,33a96808,Women Jeans,Bottoms,49.95,131.39,4,3,WM_SRAQ,585,290
TKT-47416,2023-10-06T21:48:43,SRAQ,Sara Aqua,Valencia,5e3b4ee5,Women Jeans,Bottoms,49.95,131.39,4,3,WM_SRAQ,585,290
TKT-16245,2023-10-12T21:44:21,SRSL,Sara Saler,Valencia,31b05a47,Kids Graphic T-Shirt,Tops,12.5,57.5,2,3,KD_SRSL,585,290
TKT-16245,2023-10-12T21:44:21,SRSL,Sara Saler,Valencia,4e4353f8,Men Hoodie,Tops,45.0,57.5,2,3,MN_SRSL,585,290
TKT-50472,2023-10-11T18:07:06,SRAQ,Sara Aqua,Valencia,3c3bad1e,Women Leather Jacket,Outerwear,120.0,259.95,4,1,WM_SRAQ,585,290
TKT-50472,2023-10-11T18:07:06,SRAQ,Sara Aqua,Valencia,294e4504,Women Jeans,Bottoms,49.95,259.95,4,1,WM_SRAQ,585,290
TKT-50472,2023-10-11T18:07:06,SRAQ,Sara Aqua,Valencia,7db0a80b,Women Wool Sweater,Tops,45.0,259.95,4,1,WM_SRAQ,585,290
TKT-50472,2023-10-11T18:07:06,SRAQ,Sara Aqua,Valencia,ac45a566,Kids Winter Coat,Outerwear,45.0,259.95,4,1,KD_SRAQ,585,290
TKT-52398,2023-10-07T07:25:01,SRBN,Sara Bonaire,Valencia,e20c1582,Women Jeans,Bottoms,49.95,155.94,4,4,WM_SRBN,585,290
TKT-52398,2023-10-07T07:25:01,SRBN,Sara Bonaire,Valencia,84d23080,Women Shirt,Tops,25.99,155.94,4,4,WM_SRBN,585,290
TKT-52398,2023-10-07T07:25:01,SRBN,Sara Bonaire,Valencia,34c67b1e,Kids School Uniform,Sets,35.0,155.94,4,4,KD_SRBN,585,290
TKT-52398,2023-10-07T07:25:01,SRBN,Sara Bonaire,Valencia,f27d9b03,Men Hoodie,Tops,45.0,155.94,4,4,MN_SRBN,585,290
TKT-88417,2023-10-01T14:56:46,SRCL,Sara Colon,Valencia,5c4bcf57,Kids Denim Shorts,Bottoms,18.99,108.93,3,2,KD_SRCL,585,290
TKT-88417,2023-10-01T14:56:46,SRCL,Sara Colon,Valencia,c27becf8,Women Jeans,Bottoms,49.95,108.93,3,2,WM_SRCL,585,290
TKT-88417,2023-10-01T14:56:46,SRCL,Sara Colon,Valencia,a7ca13ca,Men Chino Trousers,Bottoms,39.99,108.93,3,2,MN_SRCL,585,290
TKT-62551,2023-10-07T12:56:08,SRSL,Sara Saler,Valencia,099f49ff,Kids Denim Shorts,Bottoms,18.99,73.48,3,3,KD_SRSL,585,290
TKT-62551,2023-10-07T12:56:08,SRSL,Sara Saler,Valencia,2749aae2,Kids Denim Shorts,Bottoms,18.99,73.48,3,3,KD_SRSL,585,290
TKT-62551,2023-10-07T12:56:08,SRSL,Sara Saler,Valencia,c9c5a6dd,Women Summer Dress,Dresses,35.5,73.48,3,3,WM_SRSL,585,290
TKT-26397,2023-10-07T18:58:56,SRSL,Sara Saler,Valencia,48b0c411,Women Leather Jacket,Outerwear,120.0,214.95,3,3,WM_SRSL,585,290
TKT-26397,2023-10-07T18:58:56,SRSL,Sara Saler,Valencia,5118fdba,Men Hoodie,Tops,45.0,214.95,3,3,MN_SRSL,585,290
TKT-26397,2023-10-07T18:58:56,SRSL,Sara Saler,Valencia,7135d0a4,Women Jeans,Bottoms,49.95,214.95,3,3,WM_SRSL,585,290
TKT-51157,2023-10-04T18:42:27,SRBN,Sara Bonaire,Valencia,06b0b1a4,Women Jeans,Bottoms,49.95,110.94,3,3,WM_SRBN,585,290
TKT-51157,2023-10-04T18:42:27,SRBN,Sara Bonaire,Valencia,6f95abe6,Kids Winter Coat,Outerwear,45.0,110.94,3,3,KD_SRBN,585,290
TKT-51157,2023-10-04T18:42:27,SRBN,Sara Bonaire,Valencia,3e77ca0f,Men Basic T-Shirt,Tops,15.99,110.94,3,3,MN_SRBN,585,290
TKT-14547,2023-10-29T16:25:40,SRBN,Sara Bonaire,Valencia,eccae575,Kids Pajama Set,Nightwear,22.5,103.0,3,2,KD_SRBN,585,290
TKT-14547,2023-10-29T16:25:40,SRBN,Sara Bonaire,Valencia,030ab84a,Kids Winter Coat,Outerwear,45.0,103.0,3,2,KD_SRBN,585,290
TKT-14547,2023-10-29T16:25:40,SRBN,Sara Bonaire,Valencia,d7c3a80c,Women Summer Dress,Dresses,35.5,103.0,3,2,WM_SRBN,585,290
TKT-88485,2023-10-17T11:12:37,SRGV,Sara Gran Via,Valencia,7cf3b9af,Kids Winter Coat,Outerwear,45.0,388.0,5,1,KD_SRGV,585,290
TKT-88485,2023-10-17T11:12:37,SRGV,Sara Gran Via,Valencia,bcc870f2,Women Summer Dress,Dresses,35.5,388.0,5,1,WM_SRGV,585,290
TKT-88485,2023-10-17T11:12:37,SRGV,Sara Gran Via,Valencia,953dd662,Men Tailored Suit,Suits,250.0,388.0,5,1,MN_SRGV,585,290
TKT-88485,2023-10-17T11:12:37,SRGV,Sara Gran Via,Valencia,a6cb9732,Kids School Uniform,Sets,35.0,388.0,5,1,KD_SRGV,585,290
TKT-88485,2023-10-17T11:12:37,SRGV,Sara Gran Via,Valencia,65482e69,Kids Pajama Set,Nightwear,22.5,388.0,5,1,KD_SRGV,585,290
TKT-87434,2023-10-17T00:00:30,SRCL,Sara Colon,Valencia,ae8db94d,Women Shirt,Tops,25.99,25.99,1,1,WM_SRCL,585,290
TKT-74203,2023-10-25T19:56:34,SRBN,Sara Bonaire,Valencia,cdff86ba,Women Shirt,Tops,25.99,209.96,5,3,WM_SRBN,585,290
TKT-74203,2023-10-25T19:56:34,SRBN,Sara Bonaire,Valencia,63bd3289,Women Leather Jacket,Outerwear,120.0,209.96,5,3,WM_SRBN,585,290
TKT-74203,2023-10-25T19:56:34,SRBN,Sara Bonaire,Valencia,28f52677,Women Shirt,Tops,25.99,209.96,5,3,WM_SRBN,585,290
TKT-74203,2023-10-25T19:56:34,SRBN,Sara Bonaire,Valencia,0c45932e,Kids Denim Shorts,Bottoms,18.99,209.96,5,3,KD_SRBN,585,290
TKT-74203,2023-10-25T19:56:34,SRBN,Sara Bonaire,Valencia,cb2a0c3a,Kids Denim Shorts,Bottoms,18.99,209.96,5,3,KD_SRBN,585,290
TKT-41669,2023-10-18T01:04:24,SRGV,Sara Gran Via,Valencia,c29e3151,Kids Winter Coat,Outerwear,45.0,363.94,5,4,KD_SRGV,585,290
TKT-41669,2023-10-18T01:04:24,SRGV,Sara Gran Via,Valencia,e6322947,Women Leather Jacket,Outerwear,120.0,363.94,5,4,WM_SRGV,585,290
TKT-41669,2023-10-18T01:04:24,SRGV,Sara Gran Via,Valencia,ce9933ca,Kids Denim Shorts,Bottoms,18.99,363.94,5,4,KD_SRGV,585,290
TKT-41669,2023-10-18T01:04:24,SRGV,Sara Gran Via,Valencia,5927a58d,Women Leather Jacket,Outerwear,120.0,363.94,5,4,WM_SRGV,585,290
TKT-41669,2023-10-18T01:04:24,SRGV,Sara Gran Via,Valencia,e65493d6,Men Denim Jacket,Outerwear,59.95,363.94,5,4,MN_SRGV,585,290
TKT-77654,2023-10-19T17:24:50,SRBN,Sara Bonaire,Valencia,dad76cc7,Men Hoodie,Tops,45.0,70.99,2,2,MN_SRBN,585,290
TKT-77654,2023-10-19T17:24:50,SRBN,Sara Bonaire,Valencia,98f08f01,Women Shirt,Tops,25.99,70.99,2,2,WM_SRBN,585,290
TKT-93393,2023-10-02T06:02:28,SRBN,Sara Bonaire,Valencia,b492ca19,Men Denim Jacket,Outerwear,59.95,59.95,1,3,MN_SRBN,585,290
TKT-80432,2023-10-13T14:30:00,SRAQ,Sara Aqua,Valencia,38afa5c9,Men Basic T-Shirt,Tops,15.99,79.48,4,4,MN_SRAQ,585,290
TKT-80432,2023-10-13T14:30:00,SRAQ,Sara Aqua,Valencia,0022aa59,Kids School Uniform,Sets,35.0,79.48,4,4,KD_SRAQ,585,290
TKT-80432,2023-10-13T14:30:00,SRAQ,Sara Aqua,Valencia,072168cd,Kids Graphic T-Shirt,Tops,12.5,79.48,4,4,KD_SRAQ,585,290
TKT-80432,2023-10-13T14:30:00,SRAQ,Sara Aqua,Valencia,5d3075cd,Men Basic T-Shirt,Tops,15.99,79.48,4,4,MN_SRAQ,585,290
TKT-82720,2023-10-29T05:17:39,SRAQ,Sara Aqua,Valencia,e020546d,Men Basic T-Shirt,Tops,15.99,15.99,1,2,MN_SRAQ,585,290
TKT-78654,2023-10-04T22:30:31,SRGV,Sara Gran Via,Valencia,747f0212,Kids Denim Shorts,Bottoms,18.99,73.48,3,2,KD_SRGV,585,290
TKT-78654,2023-10-04T22:30:31,SRGV,Sara Gran Via,Valencia,dcd7ed46,Kids Denim Shorts,Bottoms,18.99,73.48,3,2,KD_SRGV,585,290
TKT-78654,2023-10-04T22:30:31,SRGV,Sara Gran Via,Valencia,09255a5a,Women Summer Dress,Dresses,35.5,73.48,3,2,WM_SRGV,585,290
TKT-86103,2023-10-13T09:35:40,SRCL,Sara Colon,Valencia,ed18f3eb,Women Shirt,Tops,25.99,25.99,1,4,WM_SRCL,585,290
TKT-34869,2023-10-21T18:29:52,SRAQ,Sara Aqua,Valencia,b3511a2e,Men Chino Trousers,Bottoms,39.99,568.48,5,2,MN_SRAQ,585,290
TKT-34869,2023-10-21T18:29:52,SRAQ,Sara Aqua,Valencia,01497852,Men Tailored Suit,Suits,250.0,568.48,5,2,MN_SRAQ,585,290
TKT-34869,2023-10-21T18:29:52,SRAQ,Sara Aqua,Valencia,fdd83a15,Men Basic T-Shirt,Tops,15.99,568.48,5,2,MN_SRAQ,585,290
TKT-34869,2023-10-21T18:29:52,SRAQ,Sara Aqua,Valencia,f26cd188,Kids Graphic T-Shirt,Tops,12.5,568.48,5,2,KD_SRAQ,585,290
TKT-34869,2023-10-21T18:29:52,SRAQ,Sara Aqua,Valencia,f12ef0b5,Men Tailored Suit,Suits,250.0,568.48,5,2,MN_SRAQ,585,290
TKT-62030,2023-10-06T15:06:03,SRSL,Sara Saler,Valencia,752789e2,Kids Pajama Set,Nightwear,22.5,232.5,4,2,KD_SRSL,585,290
TKT-62030,2023-10-06T15:06:03,SRSL,Sara Saler,Valencia,736942c9,Women Leather Jacket,Outerwear,120.0,232.5,4,2,WM_SRSL,585,290
TKT-62030,2023-10-06T15:06:03,SRSL,Sara Saler,Valencia,c1a90a8c,Women Wool Sweater,Tops,45.0,232.5,4,2,WM_SRSL,585,290
TKT-62030,2023-10-06T15:06:03,SRSL,Sara Saler,Valencia,53bf1236,Women Wool Sweater,Tops,45.0,232.5,4,2,WM_SRSL,585,290
TKT-96097,2023-10-03T17:01:31,SRBN,Sara Bonaire,Valencia,6d24b753,Men Hoodie,Tops,45.0,105.99,3,2,MN_SRBN,585,290
TKT-96097,2023-10-03T17:01:31,SRBN,Sara Bonaire,Valencia,49ca94c0,Men Basic T-Shirt,Tops,15.99,105.99,3,2,MN_SRBN,585,290
TKT-96097,2023-10-03T17:01:31,SRBN,Sara Bonaire,Valencia,a0a7ab12,Women Wool Sweater,Tops,45.0,105.99,3,2,WM_SRBN,585,290
TKT-21861,2023-10-09T14:18:47,SRBN,Sara Bonaire,Valencia,f2f80971,Kids Winter Coat,Outerwear,45.0,45.0,1,1,KD_SRBN,585,290
TKT-24643,2023-10-18T12:41:33,SRAQ,Sara Aqua,Valencia,56aa954f,Women Leather Jacket,Outerwear,120.0,132.5,2,4,WM_SRAQ,585,290
TKT-24643,2023-10-18T12:41:33,SRAQ,Sara Aqua,Valencia,78ae0072,Kids Graphic T-Shirt,Tops,12.5,132.5,2,4,KD_SRAQ,585,290
TKT-92900,2023-10-11T16:33:20,SRAQ,Sara Aqua,Valencia,109f3cb0,Men Denim Jacket,Outerwear,59.95,186.39,5,2,MN_SRAQ,585,290
TKT-92900,2023-10-11T16:33:20,SRAQ,Sara Aqua,Valencia,1c6fe40e,Women Jeans,Bottoms,49.95,186.39,5,2,WM_SRAQ,585,290
TKT-92900,2023-10-11T16:33:20,SRAQ,Sara Aqua,Valencia,ba1d3e70,Kids School Uniform,Sets,35.0,186.39,5,2,KD_SRAQ,585,290
TKT-92900,2023-10-11T16:33:20,SRAQ,Sara Aqua,Valencia,ac5764ae,Kids Denim Shorts,Bottoms,18.99,186.39,5,2,KD_SRAQ,585,290
TKT-92900,2023-10-11T16:33:20,SRAQ,Sara Aqua,Valencia,abb9eadd,Kids Pajama Set,Nightwear,22.5,186.39,5,2,KD_SRAQ,585,290
TKT-18340,2023-10-10T16:12:32,SRSL,Sara Saler,Valencia,51d3353c,Kids Winter Coat,Outerwear,45.0,85.99,4,4,KD_SRSL,585,290
TKT-18340,2023-10-10T16:12:32,SRSL,Sara Saler,Valencia,9d2616c3,Kids Graphic T-Shirt,Tops,12.5,85.99,4,4,KD_SRSL,585,290
TKT-18340,2023-10-10T16:12:32,SRSL,Sara Saler,Valencia,cea55b0a,Men Basic T-Shirt,Tops,15.99,85.99,4,4,MN_SRSL,585,290
TKT-18340,2023-10-10T16:12:32,SRSL,Sara Saler,Valencia,5e5a2141,Kids Graphic T-Shirt,Tops,12.5,85.99,4,4,KD_SRSL,585,290
TKT-57271,2023-10-23T21:26:10,SRSL,Sara Saler,Valencia,ec8656a6,Kids Winter Coat,Outerwear,45.0,104.95,2,3,KD_SRSL,585,290
TKT-57271,2023-10-23T21:26:10,SRSL,Sara Saler,Valencia,010e1a38,Men Denim Jacket,Outerwear,59.95,104.95,2,3,MN_SRSL,585,290
TKT-42690,2023-10-23T08:49:58,SRAQ,Sara Aqua,Valencia,92081070,Women Leather Jacket,Outerwear,120.0,120.0,1,2,WM_SRAQ,585,290
TKT-22173,2023-10-16T04:11:28,SRBN,Sara Bonaire,Valencia,9da24bab,Men Hoodie,Tops,45.0,94.95,2,4,MN_SRBN,585,290
TKT-22173,2023-10-16T04:11:28,SRBN,Sara Bonaire,Valencia,72efad7e,Women Jeans,Bottoms,49.95,94.95,2,4,WM_SRBN,585,290
TKT-55819,2023-10-27T02:50:42,SRGV,Sara Gran Via,Valencia,873a8ba3,Men Hoodie,Tops,45.0,336.98,4,1,MN_SRGV,585,290
TKT-55819,2023-10-27T02:50:42,SRGV,Sara Gran Via,Valencia,65614e86,Men Tailored Suit,Suits,250.0,336.98,4,1,MN_SRGV,585,290
TKT-55819,2023-10-27T02:50:42,SRGV,Sara Gran Via,Valencia,d1ab983d,Women Shirt,Tops,25.99,336.98,4,1,WM_SRGV,585,290
TKT-55819,2023-10-27T02:50:42,SRGV,Sara Gran Via,Valencia,a30d8d4d,Men Basic T-Shirt,Tops,15.99,336.98,4,1,MN_SRGV,585,290
TKT-55899,2023-10-02T01:54:18,SRBN,Sara Bonaire,Valencia,88965fe8,Kids Graphic T-Shirt,Tops,12.5,12.5,1,3,KD_SRBN,585,290
TKT-62073,2023-10-26T12:27:18,SRBN,Sara Bonaire,Valencia,243267dd,Kids Winter Coat,Outerwear,45.0,253.44,5,3,KD_SRBN,585,290
TKT-62073,2023-10-26T12:27:18,SRBN,Sara Bonaire,Valencia,8637cd43,Women Leather Jacket,Outerwear,120.0,253.44,5,3,WM_SRBN,585,290
TKT-62073,2023-10-26T12:27:18,SRBN,Sara Bonaire,Valencia,ace215dd,Men Denim Jacket,Outerwear,59.95,253.44,5,3,MN_SRBN,585,290
TKT-62073,2023-10-26T12:27:18,SRBN,Sara Bonaire,Valencia,bdd20114,Kids Graphic T-Shirt,Tops,12.5,253.44,5,3,KD_SRBN,585,290
TKT-62073,2023-10-26T12:27:18,SRBN,Sara Bonaire,Valencia,70a530e2,Men Basic T-Shirt,Tops,15.99,253.44,5,3,MN_SRBN,585,290
